id,monster_name,description,element,growth_type,base_model_path,part_head,part_back,part_tail,palette_index,scale_x,scale_y,scale_z,base_max_hp,base_max_mp,base_attack,base_defense,base_magic,base_speed,hunger_rate,energy_rate,favorite_food,evolution_ids,evolution_level
1,フレイムペガサス,【第1形態】フレイムペガサス。古代より伝わるフレイムの力を宿すモンスター。,1,1,res://assets/models/bases/base_floating.tscn,res://assets/models/parts/horn_single.tscn,res://assets/models/parts/wings_angel.tscn,res://assets/models/parts/tail_spike.tscn,0,1.01,1.01,1.01,61,36,31,21,24,18,1.07,1.16,1,201,15
2,アクアビースト,【第1形態】アクアビースト。古代より伝わるアクアの力を宿すモンスター。,2,2,res://assets/models/bases/base_quadruped.tscn,res://assets/models/parts/horns_dual.tscn,,res://assets/models/parts/tail_spike.tscn,1,0.97,0.97,0.97,67,37,23,19,28,20,1.0,0.81,2,202,15
3,リーフタートル,【第1形態】リーフタートル。古代より伝わるリーフの力を宿すモンスター。,3,0,res://assets/models/bases/base_quadruped.tscn,,,,10,0.98,0.98,0.98,79,40,29,24,29,21,1.12,0.8,3,203,15
4,サンダーナイト,【第1形態】サンダーナイト。古代より伝わるサンダーの力を宿すモンスター。,4,1,res://assets/models/bases/base_biped.tscn,res://assets/models/parts/horn_single.tscn,,,3,1.02,1.02,1.02,72,38,28,22,24,26,1.18,0.93,0,204,15
5,ガイアクロウ,【第1形態】ガイアクロウ。古代より伝わるガイアの力を宿すモンスター。,5,2,res://assets/models/bases/base_biped.tscn,,res://assets/models/parts/wings_dragon.tscn,res://assets/models/parts/tail_spike.tscn,4,0.97,0.97,0.97,62,37,28,28,22,24,1.01,1.19,1,205,15
6,ウインドノッコ,【第1形態】ウインドノッコ。古代より伝わるウインドの力を宿すモンスター。,6,0,res://assets/models/bases/base_biped.tscn,,,,13,0.99,0.99,0.99,69,36,30,21,23,21,1.06,1.11,2,206,15
7,ホーリーフェアリー,【第1形態】ホーリーフェアリー。古代より伝わるホーリーの力を宿すモンスター。,7,1,res://assets/models/bases/base_floating.tscn,,res://assets/models/parts/wings_angel.tscn,,6,1.04,1.04,1.04,64,33,29,24,34,22,0.87,0.94,3,207,15
8,ダークパピー,【第1形態】ダークパピー。古代より伝わるダークの力を宿すモンスター。,8,2,res://assets/models/bases/base_quadruped.tscn,,,res://assets/models/parts/tail_spike.tscn,7,1.01,1.01,1.01,72,33,29,21,28,24,0.95,1.2,0,208,15
9,マグマケルベ,【第1形態】マグマケルベ。古代より伝わるマグマの力を宿すモンスター。,1,0,res://assets/models/bases/base_quadruped.tscn,res://assets/models/parts/horns_dual.tscn,,res://assets/models/parts/tail_spike.tscn,8,1.01,1.01,1.01,69,35,33,18,25,17,1.12,0.96,1,209,15
10,マリンドラコ,【第1形態】マリンドラコ。古代より伝わるマリンの力を宿すモンスター。,2,1,res://assets/models/bases/base_biped.tscn,res://assets/models/parts/horns_dual.tscn,res://assets/models/parts/wings_dragon.tscn,res://assets/models/parts/tail_spike.tscn,1,0.97,0.97,0.97,70,42,26,25,31,24,0.86,0.86,2,210,15
11,フォレストホーン,【第1形態】フォレストホーン。古代より伝わるフォレストの力を宿すモンスター。,3,2,res://assets/models/bases/base_biped.tscn,res://assets/models/parts/horns_dual.tscn,,,2,1.02,1.02,1.02,77,36,29,27,27,20,1.2,0.86,3,211,15
12,ボルトタモ,【第1形態】ボルトタモ。古代より伝わるボルトの力を宿すモンスター。,4,0,res://assets/models/bases/base_biped.tscn,,,,11,1.0,1.0,1.0,73,32,24,20,24,29,1.04,0.95,0,212,15
13,ゴーレムピクシー,【第1形態】ゴーレムピクシー。古代より伝わるゴーレムの力を宿すモンスター。,5,1,res://assets/models/bases/base_floating.tscn,,res://assets/models/parts/wings_angel.tscn,,4,1.01,1.01,1.01,68,40,27,24,23,25,1.1,1.11,1,213,15
14,ゲイルポロン,【第1形態】ゲイルポロン。古代より伝わるゲイルの力を宿すモンスター。,6,2,res://assets/models/bases/base_floating.tscn,,,,5,0.99,0.99,0.99,65,38,27,25,22,25,1.19,1.1,2,214,15
15,シャインベア,【第1形態】シャインベア。古代より伝わるシャインの力を宿すモンスター。,7,0,res://assets/models/bases/base_quadruped.tscn,,,,14,1.0,1.0,1.0,62,36,26,22,32,19,1.02,1.11,3,215,15
16,カオスモコ,【第1形態】カオスモコ。古代より伝わるカオスの力を宿すモンスター。,8,1,res://assets/models/bases/base_quadruped.tscn,,,,7,1.0,1.0,1.0,61,41,32,25,26,18,1.17,1.15,0,216,15
17,バーンゴブ,【第1形態】バーンゴブ。古代より伝わるバーンの力を宿すモンスター。,1,2,res://assets/models/bases/base_biped.tscn,res://assets/models/parts/horn_single.tscn,,,0,1.03,1.03,1.03,65,35,28,21,23,18,1.09,1.13,1,217,15
18,ハイドロダイナ,【第1形態】ハイドロダイナ。古代より伝わるハイドロの力を宿すモンスター。,2,0,res://assets/models/bases/base_biped.tscn,res://assets/models/parts/horns_dual.tscn,,res://assets/models/parts/tail_spike.tscn,9,1.04,1.04,1.04,69,39,25,25,27,21,1.01,1.04,2,218,15
19,シルフバット,【第1形態】シルフバット。古代より伝わるシルフの力を宿すモンスター。,3,1,res://assets/models/bases/base_floating.tscn,,res://assets/models/parts/wings_dragon.tscn,,2,1.04,1.04,1.04,77,35,27,27,27,24,1.16,0.98,3,219,15
20,ライトニペガサス,【第1形態】ライトニペガサス。古代より伝わるライトニの力を宿すモンスター。,4,2,res://assets/models/bases/base_floating.tscn,res://assets/models/parts/horn_single.tscn,res://assets/models/parts/wings_angel.tscn,res://assets/models/parts/tail_spike.tscn,3,0.98,0.98,0.98,62,37,23,21,25,23,0.83,1.05,0,220,15
21,アースビースト,【第1形態】アースビースト。古代より伝わるアースの力を宿すモンスター。,5,0,res://assets/models/bases/base_quadruped.tscn,res://assets/models/parts/horns_dual.tscn,,res://assets/models/parts/tail_spike.tscn,12,0.98,0.98,0.98,61,37,24,27,26,24,0.89,0.85,1,221,15
22,エアロタートル,【第1形態】エアロタートル。古代より伝わるエアロの力を宿すモンスター。,6,1,res://assets/models/bases/base_quadruped.tscn,,,,5,1.03,1.03,1.03,70,41,32,21,29,27,0.88,0.84,2,222,15
23,ルミナスナイト,【第1形態】ルミナスナイト。古代より伝わるルミナスの力を宿すモンスター。,7,2,res://assets/models/bases/base_biped.tscn,res://assets/models/parts/horn_single.tscn,,,6,0.99,0.99,0.99,67,38,30,20,28,17,0.96,0.94,3,223,15
24,ネクロコブラ,【第1形態】ネクロコブラ。古代より伝わるネクロの力を宿すモンスター。,8,0,res://assets/models/bases/base_biped.tscn,,,res://assets/models/parts/tail_spike.tscn,15,1.03,1.03,1.03,64,35,30,25,28,23,0.87,0.99,0,224,15
25,サラマンコロ,【第1形態】サラマンコロ。古代より伝わるサラマンの力を宿すモンスター。,1,1,res://assets/models/bases/base_biped.tscn,,,,0,1.03,1.03,1.03,62,39,29,18,22,18,1.17,1.14,1,225,15
26,リヴァイワイバーン,【第1形態】リヴァイワイバーン。古代より伝わるリヴァイの力を宿すモンスター。,2,2,res://assets/models/bases/base_floating.tscn,res://assets/models/parts/horns_dual.tscn,res://assets/models/parts/wings_dragon.tscn,res://assets/models/parts/tail_spike.tscn,1,0.97,0.97,0.97,68,44,26,24,25,19,0.95,1.19,2,226,15
27,ウッドフォックス,【第1形態】ウッドフォックス。古代より伝わるウッドの力を宿すモンスター。,3,0,res://assets/models/bases/base_quadruped.tscn,,,res://assets/models/parts/tail_spike.tscn,10,0.98,0.98,0.98,81,39,27,27,29,19,0.88,0.89,3,227,15
28,スパークキマイラ,【第1形態】スパークキマイラ。古代より伝わるスパークの力を宿すモンスター。,4,1,res://assets/models/bases/base_quadruped.tscn,res://assets/models/parts/horns_dual.tscn,res://assets/models/parts/wings_dragon.tscn,res://assets/models/parts/tail_spike.tscn,3,0.96,0.96,0.96,72,40,23,23,22,23,1.03,1.0,0,228,15
29,クエイクレクス,【第1形態】クエイクレクス。古代より伝わるクエイクの力を宿すモンスター。,5,2,res://assets/models/bases/base_biped.tscn,res://assets/models/parts/horns_dual.tscn,,res://assets/models/parts/tail_spike.tscn,4,1.03,1.03,1.03,63,32,24,26,23,18,1.07,0.89,1,229,15
30,ストームファング,【第1形態】ストームファング。古代より伝わるストームの力を宿すモンスター。,6,0,res://assets/models/bases/base_biped.tscn,,,res://assets/models/parts/tail_spike.tscn,13,0.97,0.97,0.97,70,35,25,19,28,29,0.93,0.9,2,230,15
31,セラフタモ,【第1形態】セラフタモ。古代より伝わるセラフの力を宿すモンスター。,7,1,res://assets/models/bases/base_biped.tscn,,,,6,1.01,1.01,1.01,66,35,27,26,29,21,0.98,1.17,3,231,15
32,アビスピクシー,【第1形態】アビスピクシー。古代より伝わるアビスの力を宿すモンスター。,8,2,res://assets/models/bases/base_floating.tscn,,res://assets/models/parts/wings_angel.tscn,,7,1.03,1.03,1.03,61,39,28,19,29,25,0.91,1.17,0,232,15
33,クリムゾンポロン,【第1形態】クリムゾンポロン。古代より伝わるクリムゾンの力を宿すモンスター。,1,0,res://assets/models/bases/base_floating.tscn,,,,8,1.03,1.03,1.03,64,37,32,20,29,25,1.08,1.04,1,233,15
34,タイダルベア,【第1形態】タイダルベア。古代より伝わるタイダルの力を宿すモンスター。,2,1,res://assets/models/bases/base_quadruped.tscn,,,,1,1.04,1.04,1.04,71,45,23,22,26,19,0.91,1.16,2,234,15
35,ブルームモコ,【第1形態】ブルームモコ。古代より伝わるブルームの力を宿すモンスター。,3,2,res://assets/models/bases/base_quadruped.tscn,,,,2,1.02,1.02,1.02,71,36,27,24,27,20,1.07,1.14,3,235,15
36,エレクトラホーン,【第1形態】エレクトラホーン。古代より伝わるエレクトラの力を宿すモンスター。,4,0,res://assets/models/bases/base_biped.tscn,res://assets/models/parts/horns_dual.tscn,,,11,1.0,1.0,1.0,65,32,24,24,26,23,0.8,1.11,0,236,15
37,グランモグ,【第1形態】グランモグ。古代より伝わるグランの力を宿すモンスター。,5,1,res://assets/models/bases/base_biped.tscn,,,,4,1.01,1.01,1.01,65,34,30,30,22,18,0.83,1.15,1,237,15
38,ゼファーバード,【第1形態】ゼファーバード。古代より伝わるゼファーの力を宿すモンスター。,6,2,res://assets/models/bases/base_floating.tscn,,res://assets/models/parts/wings_angel.tscn,,5,1.03,1.03,1.03,69,32,30,20,28,23,0.82,0.95,2,238,15
39,オーラグリフ,【第1形態】オーラグリフ。古代より伝わるオーラの力を宿すモンスター。,7,0,res://assets/models/bases/base_floating.tscn,,res://assets/models/parts/wings_angel.tscn,res://assets/models/parts/tail_spike.tscn,14,1.03,1.03,1.03,61,37,26,23,28,22,1.11,1.15,3,239,15
40,ファントムタイガー,【第1形態】ファントムタイガー。古代より伝わるファントムの力を宿すモンスター。,8,1,res://assets/models/bases/base_quadruped.tscn,,,res://assets/models/parts/tail_spike.tscn,7,0.99,0.99,0.99,70,34,30,20,28,23,0.81,1.09,0,240,15
41,ヴォルカガル,【第1形態】ヴォルカガル。古代より伝わるヴォルカの力を宿すモンスター。,1,2,res://assets/models/bases/base_quadruped.tscn,res://assets/models/parts/horn_single.tscn,,res://assets/models/parts/tail_spike.tscn,0,0.99,0.99,0.99,67,35,32,20,23,23,1.15,1.14,1,241,15
42,オーシャンリッチ,【第1形態】オーシャンリッチ。古代より伝わるオーシャンの力を宿すモンスター。,2,0,res://assets/models/bases/base_biped.tscn,,,,9,0.98,0.98,0.98,68,42,27,21,28,17,1.06,0.96,2,242,15
43,ドリアードコブラ,【第1形態】ドリアードコブラ。古代より伝わるドリアードの力を宿すモンスター。,3,1,res://assets/models/bases/base_biped.tscn,,,res://assets/models/parts/tail_spike.tscn,2,0.98,0.98,0.98,70,36,28,27,27,17,0.85,1.19,3,243,15
44,ライデンコロ,【第1形態】ライデンコロ。古代より伝わるライデンの力を宿すモンスター。,4,2,res://assets/models/bases/base_biped.tscn,,,,3,0.97,0.97,0.97,65,32,24,24,27,28,0.97,1.19,0,244,15
45,ストーンワイバーン,【第1形態】ストーンワイバーン。古代より伝わるストーンの力を宿すモンスター。,5,0,res://assets/models/bases/base_floating.tscn,res://assets/models/parts/horns_dual.tscn,res://assets/models/parts/wings_dragon.tscn,res://assets/models/parts/tail_spike.tscn,12,0.97,0.97,0.97,70,35,27,24,28,17,1.01,1.12,1,245,15
46,テンペストフォックス,【第1形態】テンペストフォックス。古代より伝わるテンペストの力を宿すモンスター。,6,1,res://assets/models/bases/base_quadruped.tscn,,,res://assets/models/parts/tail_spike.tscn,5,1.01,1.01,1.01,72,35,30,24,23,26,1.05,1.07,2,246,15
47,グローリーキマイラ,【第1形態】グローリーキマイラ。古代より伝わるグローリーの力を宿すモンスター。,7,2,res://assets/models/bases/base_quadruped.tscn,res://assets/models/parts/horns_dual.tscn,res://assets/models/parts/wings_dragon.tscn,res://assets/models/parts/tail_spike.tscn,6,0.97,0.97,0.97,65,40,27,26,32,23,1.08,1.02,3,247,15
48,ノワールナイト,【第1形態】ノワールナイト。古代より伝わるノワールの力を宿すモンスター。,8,0,res://assets/models/bases/base_biped.tscn,res://assets/models/parts/horn_single.tscn,,,15,0.98,0.98,0.98,71,38,29,22,32,25,1.13,0.92,0,248,15
49,ヒートクロウ,【第1形態】ヒートクロウ。古代より伝わるヒートの力を宿すモンスター。,1,1,res://assets/models/bases/base_biped.tscn,,res://assets/models/parts/wings_dragon.tscn,res://assets/models/parts/tail_spike.tscn,0,0.98,0.98,0.98,73,41,33,25,29,24,1.07,1.0,1,249,15
50,フロストノッコ,【第1形態】フロストノッコ。古代より伝わるフロストの力を宿すモンスター。,2,2,res://assets/models/bases/base_biped.tscn,,,,1,1.02,1.02,1.02,73,39,24,22,30,18,1.13,1.1,2,250,15
51,モスフェアリー,【第1形態】モスフェアリー。古代より伝わるモスの力を宿すモンスター。,3,0,res://assets/models/bases/base_floating.tscn,,res://assets/models/parts/wings_angel.tscn,,10,1.01,1.01,1.01,72,35,25,21,22,20,1.19,1.04,3,251,15
52,プラズマパピー,【第1形態】プラズマパピー。古代より伝わるプラズマの力を宿すモンスター。,4,1,res://assets/models/bases/base_quadruped.tscn,,,res://assets/models/parts/tail_spike.tscn,3,1.02,1.02,1.02,68,38,26,24,29,29,0.9,1.06,0,252,15
53,テラケルベ,【第1形態】テラケルベ。古代より伝わるテラの力を宿すモンスター。,5,2,res://assets/models/bases/base_quadruped.tscn,res://assets/models/parts/horns_dual.tscn,,res://assets/models/parts/tail_spike.tscn,4,0.96,0.96,0.96,73,33,29,27,24,25,0.99,1.02,1,253,15
54,ファルコンドラコ,【第1形態】ファルコンドラコ。古代より伝わるファルコンの力を宿すモンスター。,6,0,res://assets/models/bases/base_biped.tscn,res://assets/models/parts/horns_dual.tscn,res://assets/models/parts/wings_dragon.tscn,res://assets/models/parts/tail_spike.tscn,13,1.03,1.03,1.03,62,39,27,25,27,28,1.05,1.09,2,254,15
55,セレスホーン,【第1形態】セレスホーン。古代より伝わるセレスの力を宿すモンスター。,7,1,res://assets/models/bases/base_biped.tscn,res://assets/models/parts/horns_dual.tscn,,,6,1.0,1.0,1.0,69,39,25,27,34,21,1.1,1.14,3,255,15
56,ドゥームモグ,【第1形態】ドゥームモグ。古代より伝わるドゥームの力を宿すモンスター。,8,2,res://assets/models/bases/base_biped.tscn,,,,7,0.98,0.98,0.98,73,40,34,21,30,24,0.83,0.91,0,256,15
57,イグニスバード,【第1形態】イグニスバード。古代より伝わるイグニスの力を宿すモンスター。,1,0,res://assets/models/bases/base_floating.tscn,,res://assets/models/parts/wings_angel.tscn,,8,0.98,0.98,0.98,66,40,29,20,24,20,0.95,0.86,1,257,15
58,シレーヌグリフ,【第1形態】シレーヌグリフ。古代より伝わるシレーヌの力を宿すモンスター。,2,1,res://assets/models/bases/base_floating.tscn,,res://assets/models/parts/wings_angel.tscn,res://assets/models/parts/tail_spike.tscn,1,0.98,0.98,0.98,67,43,28,25,31,17,0.88,0.97,2,258,15
59,トレントタイガー,【第1形態】トレントタイガー。古代より伝わるトレントの力を宿すモンスター。,3,2,res://assets/models/bases/base_quadruped.tscn,,,res://assets/models/parts/tail_spike.tscn,2,1.03,1.03,1.03,78,32,29,28,22,22,0.92,0.96,3,259,15
60,ジゴワットモコ,【第1形態】ジゴワットモコ。古代より伝わるジゴワットの力を宿すモンスター。,4,0,res://assets/models/bases/base_quadruped.tscn,,,,11,1.03,1.03,1.03,67,40,26,25,25,27,0.97,0.81,0,260,15
61,バサルトゴブ,【第1形態】バサルトゴブ。古代より伝わるバサルトの力を宿すモンスター。,5,1,res://assets/models/bases/base_biped.tscn,res://assets/models/parts/horn_single.tscn,,,4,0.99,0.99,0.99,71,38,25,31,24,25,0.81,0.96,1,261,15
62,スカイダイナ,【第1形態】スカイダイナ。古代より伝わるスカイの力を宿すモンスター。,6,2,res://assets/models/bases/base_biped.tscn,res://assets/models/parts/horns_dual.tscn,,res://assets/models/parts/tail_spike.tscn,5,1.01,1.01,1.01,61,33,31,20,29,23,0.82,0.95,2,262,15
63,ソレイユバット,【第1形態】ソレイユバット。古代より伝わるソレイユの力を宿すモンスター。,7,0,res://assets/models/bases/base_floating.tscn,,res://assets/models/parts/wings_dragon.tscn,,14,0.98,0.98,0.98,66,37,29,24,33,21,1.13,0.99,3,263,15
64,シャドウペガサス,【第1形態】シャドウペガサス。古代より伝わるシャドウの力を宿すモンスター。,8,1,res://assets/models/bases/base_floating.tscn,res://assets/models/parts/horn_single.tscn,res://assets/models/parts/wings_angel.tscn,res://assets/models/parts/tail_spike.tscn,7,1.02,1.02,1.02,61,37,30,19,26,17,1.18,0.88,0,264,15
65,フレイムビースト,【第1形態】フレイムビースト。古代より伝わるフレイムの力を宿すモンスター。,1,2,res://assets/models/bases/base_quadruped.tscn,res://assets/models/parts/horns_dual.tscn,,res://assets/models/parts/tail_spike.tscn,0,0.96,0.96,0.96,63,35,30,25,23,20,0.99,0.9,1,265,15
66,アクアタートル,【第1形態】アクアタートル。古代より伝わるアクアの力を宿すモンスター。,2,0,res://assets/models/bases/base_quadruped.tscn,,,,9,0.99,0.99,0.99,70,46,24,20,29,18,1.03,1.17,2,266,15
67,リーフナイト,【第1形態】リーフナイト。古代より伝わるリーフの力を宿すモンスター。,3,1,res://assets/models/bases/base_biped.tscn,res://assets/models/parts/horn_single.tscn,,,2,1.01,1.01,1.01,75,38,26,22,25,18,1.08,0.92,3,267,15
68,サンダークロウ,【第1形態】サンダークロウ。古代より伝わるサンダーの力を宿すモンスター。,4,2,res://assets/models/bases/base_biped.tscn,,res://assets/models/parts/wings_dragon.tscn,res://assets/models/parts/tail_spike.tscn,3,1.01,1.01,1.01,73,33,23,23,28,28,0.83,1.06,0,268,15
69,ガイアノッコ,【第1形態】ガイアノッコ。古代より伝わるガイアの力を宿すモンスター。,5,0,res://assets/models/bases/base_biped.tscn,,,,12,0.96,0.96,0.96,67,39,24,30,27,24,1.08,0.97,1,269,15
70,ウインドフェアリー,【第1形態】ウインドフェアリー。古代より伝わるウインドの力を宿すモンスター。,6,1,res://assets/models/bases/base_floating.tscn,,res://assets/models/parts/wings_angel.tscn,,5,1.02,1.02,1.02,71,36,32,25,28,25,0.93,0.9,2,270,15
71,ホーリーパピー,【第1形態】ホーリーパピー。古代より伝わるホーリーの力を宿すモンスター。,7,2,res://assets/models/bases/base_quadruped.tscn,,,res://assets/models/parts/tail_spike.tscn,6,1.03,1.03,1.03,65,39,26,27,33,22,0.81,1.14,3,271,15
72,ダークキマイラ,【第1形態】ダークキマイラ。古代より伝わるダークの力を宿すモンスター。,8,0,res://assets/models/bases/base_quadruped.tscn,res://assets/models/parts/horns_dual.tscn,res://assets/models/parts/wings_dragon.tscn,res://assets/models/parts/tail_spike.tscn,15,0.97,0.97,0.97,64,37,31,23,30,21,1.02,1.01,0,272,15
73,マグマレクス,【第1形態】マグマレクス。古代より伝わるマグマの力を宿すモンスター。,1,1,res://assets/models/bases/base_biped.tscn,res://assets/models/parts/horns_dual.tscn,,res://assets/models/parts/tail_spike.tscn,0,0.98,0.98,0.98,64,38,35,21,29,24,0.98,0.81,1,273,15
74,マリンファング,【第1形態】マリンファング。古代より伝わるマリンの力を宿すモンスター。,2,2,res://assets/models/bases/base_biped.tscn,,,res://assets/models/parts/tail_spike.tscn,1,0.98,0.98,0.98,67,40,27,23,32,25,1.01,0.97,2,274,15
75,フォレストタモ,【第1形態】フォレストタモ。古代より伝わるフォレストの力を宿すモンスター。,3,0,res://assets/models/bases/base_biped.tscn,,,,10,1.02,1.02,1.02,74,37,30,25,26,21,0.89,1.09,3,275,15
76,ボルトピクシー,【第1形態】ボルトピクシー。古代より伝わるボルトの力を宿すモンスター。,4,1,res://assets/models/bases/base_floating.tscn,,res://assets/models/parts/wings_angel.tscn,,3,0.99,0.99,0.99,72,40,25,21,25,30,0.91,1.04,0,276,15
77,ゴーレムポロン,【第1形態】ゴーレムポロン。古代より伝わるゴーレムの力を宿すモンスター。,5,2,res://assets/models/bases/base_floating.tscn,,,,4,1.02,1.02,1.02,70,36,24,27,26,20,0.94,0.92,1,277,15
78,ゲイルベア,【第1形態】ゲイルベア。古代より伝わるゲイルの力を宿すモンスター。,6,0,res://assets/models/bases/base_quadruped.tscn,,,,13,1.02,1.02,1.02,63,36,25,18,26,23,1.06,1.1,2,278,15
79,シャインモコ,【第1形態】シャインモコ。古代より伝わるシャインの力を宿すモンスター。,7,1,res://assets/models/bases/base_quadruped.tscn,,,,6,0.97,0.97,0.97,61,41,27,27,34,24,0.94,1.19,3,279,15
80,カオスゴブ,【第1形態】カオスゴブ。古代より伝わるカオスの力を宿すモンスター。,8,2,res://assets/models/bases/base_biped.tscn,res://assets/models/parts/horn_single.tscn,,,7,0.98,0.98,0.98,68,33,28,24,33,18,1.03,1.07,0,280,15
81,バーンダイナ,【第1形態】バーンダイナ。古代より伝わるバーンの力を宿すモンスター。,1,0,res://assets/models/bases/base_biped.tscn,res://assets/models/parts/horns_dual.tscn,,res://assets/models/parts/tail_spike.tscn,8,0.97,0.97,0.97,73,41,32,19,25,18,1.02,0.97,1,281,15
82,ハイドロバット,【第1形態】ハイドロバット。古代より伝わるハイドロの力を宿すモンスター。,2,1,res://assets/models/bases/base_floating.tscn,,res://assets/models/parts/wings_dragon.tscn,,1,1.01,1.01,1.01,70,40,29,25,32,21,1.14,1.2,2,282,15
83,シルフペガサス,【第1形態】シルフペガサス。古代より伝わるシルフの力を宿すモンスター。,3,2,res://assets/models/bases/base_floating.tscn,res://assets/models/parts/horn_single.tscn,res://assets/models/parts/wings_angel.tscn,res://assets/models/parts/tail_spike.tscn,2,0.98,0.98,0.98,78,32,24,24,25,21,1.06,0.86,3,283,15
84,ライトニタイガー,【第1形態】ライトニタイガー。古代より伝わるライトニの力を宿すモンスター。,4,0,res://assets/models/bases/base_quadruped.tscn,,,res://assets/models/parts/tail_spike.tscn,11,0.97,0.97,0.97,62,34,23,24,29,30,0.92,0.89,0,284,15
85,アースガル,【第1形態】アースガル。古代より伝わるアースの力を宿すモンスター。,5,1,res://assets/models/bases/base_quadruped.tscn,res://assets/models/parts/horn_single.tscn,,res://assets/models/parts/tail_spike.tscn,4,1.02,1.02,1.02,72,39,24,27,26,20,0.97,1.02,1,285,15
86,エアロリッチ,【第1形態】エアロリッチ。古代より伝わるエアロの力を宿すモンスター。,6,2,res://assets/models/bases/base_biped.tscn,,,,5,1.01,1.01,1.01,65,34,26,18,24,25,1.04,1.13,2,286,15
87,ルミナスコブラ,【第1形態】ルミナスコブラ。古代より伝わるルミナスの力を宿すモンスター。,7,0,res://assets/models/bases/base_biped.tscn,,,res://assets/models/parts/tail_spike.tscn,14,1.03,1.03,1.03,68,33,30,24,33,21,1.0,1.0,3,287,15
88,ネクロコロ,【第1形態】ネクロコロ。古代より伝わるネクロの力を宿すモンスター。,8,1,res://assets/models/bases/base_biped.tscn,,,,7,0.97,0.97,0.97,61,38,32,22,26,18,0.89,1.07,0,288,15
89,サラマンワイバーン,【第1形態】サラマンワイバーン。古代より伝わるサラマンの力を宿すモンスター。,1,2,res://assets/models/bases/base_floating.tscn,res://assets/models/parts/horns_dual.tscn,res://assets/models/parts/wings_dragon.tscn,res://assets/models/parts/tail_spike.tscn,0,1.03,1.03,1.03,70,32,32,18,24,24,1.01,0.98,1,289,15
90,リヴァイフォックス,【第1形態】リヴァイフォックス。古代より伝わるリヴァイの力を宿すモンスター。,2,0,res://assets/models/bases/base_quadruped.tscn,,,res://assets/models/parts/tail_spike.tscn,9,0.98,0.98,0.98,70,43,30,19,32,22,0.96,0.93,2,290,15
91,ウッドキマイラ,【第1形態】ウッドキマイラ。古代より伝わるウッドの力を宿すモンスター。,3,1,res://assets/models/bases/base_quadruped.tscn,res://assets/models/parts/horns_dual.tscn,res://assets/models/parts/wings_dragon.tscn,res://assets/models/parts/tail_spike.tscn,2,0.97,0.97,0.97,71,37,29,28,26,23,1.13,1.02,3,291,15
92,スパークレクス,【第1形態】スパークレクス。古代より伝わるスパークの力を宿すモンスター。,4,2,res://assets/models/bases/base_biped.tscn,res://assets/models/parts/horns_dual.tscn,,res://assets/models/parts/tail_spike.tscn,3,1.0,1.0,1.0,66,36,28,19,28,31,1.13,0.8,0,292,15
93,クエイクファング,【第1形態】クエイクファング。古代より伝わるクエイクの力を宿すモンスター。,5,0,res://assets/models/bases/base_biped.tscn,,,res://assets/models/parts/tail_spike.tscn,12,1.03,1.03,1.03,68,38,23,27,27,24,1.05,1.1,1,293,15
94,ストームタモ,【第1形態】ストームタモ。古代より伝わるストームの力を宿すモンスター。,6,1,res://assets/models/bases/base_biped.tscn,,,,5,0.98,0.98,0.98,69,34,29,25,29,22,0.81,1.05,2,294,15
95,セラフピクシー,【第1形態】セラフピクシー。古代より伝わるセラフの力を宿すモンスター。,7,2,res://assets/models/bases/base_floating.tscn,,res://assets/models/parts/wings_angel.tscn,,6,1.02,1.02,1.02,72,34,27,20,33,18,0.89,1.14,3,295,15
96,アビスパピー,【第1形態】アビスパピー。古代より伝わるアビスの力を宿すモンスター。,8,0,res://assets/models/bases/base_quadruped.tscn,,,res://assets/models/parts/tail_spike.tscn,15,0.97,0.97,0.97,62,34,34,22,30,23,1.13,1.19,0,296,15
97,クリムゾンケルベ,【第1形態】クリムゾンケルベ。古代より伝わるクリムゾンの力を宿すモンスター。,1,1,res://assets/models/bases/base_quadruped.tscn,res://assets/models/parts/horns_dual.tscn,,res://assets/models/parts/tail_spike.tscn,0,0.98,0.98,0.98,69,34,34,21,24,18,0.91,1.12,1,297,15
98,タイダルドラコ,【第1形態】タイダルドラコ。古代より伝わるタイダルの力を宿すモンスター。,2,2,res://assets/models/bases/base_biped.tscn,res://assets/models/parts/horns_dual.tscn,res://assets/models/parts/wings_dragon.tscn,res://assets/models/parts/tail_spike.tscn,1,0.99,0.99,0.99,73,45,27,18,29,21,1.13,1.03,2,298,15
99,ブルームホーン,【第1形態】ブルームホーン。古代より伝わるブルームの力を宿すモンスター。,3,0,res://assets/models/bases/base_biped.tscn,res://assets/models/parts/horns_dual.tscn,,,10,1.01,1.01,1.01,71,39,30,26,27,25,1.11,0.95,3,299,15
100,エレクトラモグ,【第1形態】エレクトラモグ。古代より伝わるエレクトラの力を宿すモンスター。,4,1,res://assets/models/bases/base_biped.tscn,,,,3,1.03,1.03,1.03,64,35,29,21,28,23,0.93,0.99,0,300,15
101,グランバード,【第1形態】グランバード。古代より伝わるグランの力を宿すモンスター。,5,2,res://assets/models/bases/base_floating.tscn,,res://assets/models/parts/wings_angel.tscn,,4,1.03,1.03,1.03,67,38,25,31,22,19,1.0,1.04,1,301,15
102,ゼファーグリフ,【第1形態】ゼファーグリフ。古代より伝わるゼファーの力を宿すモンスター。,6,0,res://assets/models/bases/base_floating.tscn,,res://assets/models/parts/wings_angel.tscn,res://assets/models/parts/tail_spike.tscn,13,1.03,1.03,1.03,68,33,32,18,24,27,1.15,1.19,2,302,15
103,オーラタイガー,【第1形態】オーラタイガー。古代より伝わるオーラの力を宿すモンスター。,7,1,res://assets/models/bases/base_quadruped.tscn,,,res://assets/models/parts/tail_spike.tscn,6,0.97,0.97,0.97,73,36,28,26,28,22,1.14,1.14,3,303,15
104,ファントムガル,【第1形態】ファントムガル。古代より伝わるファントムの力を宿すモンスター。,8,2,res://assets/models/bases/base_quadruped.tscn,res://assets/models/parts/horn_single.tscn,,res://assets/models/parts/tail_spike.tscn,7,0.99,0.99,0.99,66,39,27,19,29,21,1.2,1.1,0,304,15
105,ヴォルカリッチ,【第1形態】ヴォルカリッチ。古代より伝わるヴォルカの力を宿すモンスター。,1,0,res://assets/models/bases/base_biped.tscn,,,,8,0.99,0.99,0.99,62,33,35,20,26,17,0.82,1.12,1,305,15
106,オーシャンコブラ,【第1形態】オーシャンコブラ。古代より伝わるオーシャンの力を宿すモンスター。,2,1,res://assets/models/bases/base_biped.tscn,,,res://assets/models/parts/tail_spike.tscn,1,0.98,0.98,0.98,66,43,25,21,31,19,0.87,0.83,2,306,15
107,ドリアードコロ,【第1形態】ドリアードコロ。古代より伝わるドリアードの力を宿すモンスター。,3,2,res://assets/models/bases/base_biped.tscn,,,,2,1.03,1.03,1.03,78,35,30,23,25,24,1.06,0.98,3,307,15
108,ライデンペガサス,【第1形態】ライデンペガサス。古代より伝わるライデンの力を宿すモンスター。,4,0,res://assets/models/bases/base_floating.tscn,res://assets/models/parts/horn_single.tscn,res://assets/models/parts/wings_angel.tscn,res://assets/models/parts/tail_spike.tscn,11,1.01,1.01,1.01,73,39,27,20,23,30,1.18,1.2,0,308,15
109,ストーンビースト,【第1形態】ストーンビースト。古代より伝わるストーンの力を宿すモンスター。,5,1,res://assets/models/bases/base_quadruped.tscn,res://assets/models/parts/horns_dual.tscn,,res://assets/models/parts/tail_spike.tscn,4,0.98,0.98,0.98,67,36,30,28,25,23,1.14,0.84,1,309,15
110,テンペストタートル,【第1形態】テンペストタートル。古代より伝わるテンペストの力を宿すモンスター。,6,2,res://assets/models/bases/base_quadruped.tscn,,,,5,0.99,0.99,0.99,66,41,29,22,22,27,0.91,1.03,2,310,15
111,グローリーナイト,【第1形態】グローリーナイト。古代より伝わるグローリーの力を宿すモンスター。,7,0,res://assets/models/bases/base_biped.tscn,res://assets/models/parts/horn_single.tscn,,,14,1.01,1.01,1.01,72,32,30,24,30,22,0.89,0.88,3,311,15
112,ノワールクロウ,【第1形態】ノワールクロウ。古代より伝わるノワールの力を宿すモンスター。,8,1,res://assets/models/bases/base_biped.tscn,,res://assets/models/parts/wings_dragon.tscn,res://assets/models/parts/tail_spike.tscn,7,0.98,0.98,0.98,73,34,28,18,30,24,0.81,0.95,0,312,15
113,ヒートノッコ,【第1形態】ヒートノッコ。古代より伝わるヒートの力を宿すモンスター。,1,2,res://assets/models/bases/base_biped.tscn,,,,0,0.97,0.97,0.97,65,37,34,20,25,19,1.11,1.15,1,313,15
114,フロストフェアリー,【第1形態】フロストフェアリー。古代より伝わるフロストの力を宿すモンスター。,2,0,res://assets/models/bases/base_floating.tscn,,res://assets/models/parts/wings_angel.tscn,,9,0.99,0.99,0.99,69,41,25,22,32,21,1.1,0.94,2,314,15
115,モスパピー,【第1形態】モスパピー。古代より伝わるモスの力を宿すモンスター。,3,1,res://assets/models/bases/base_quadruped.tscn,,,res://assets/models/parts/tail_spike.tscn,2,0.97,0.97,0.97,70,34,26,27,27,18,1.12,0.81,3,315,15
116,プラズマケルベ,【第1形態】プラズマケルベ。古代より伝わるプラズマの力を宿すモンスター。,4,2,res://assets/models/bases/base_quadruped.tscn,res://assets/models/parts/horns_dual.tscn,,res://assets/models/parts/tail_spike.tscn,3,1.0,1.0,1.0,68,37,27,24,27,24,1.07,0.99,0,316,15
117,テラドラコ,【第1形態】テラドラコ。古代より伝わるテラの力を宿すモンスター。,5,0,res://assets/models/bases/base_biped.tscn,res://assets/models/parts/horns_dual.tscn,res://assets/models/parts/wings_dragon.tscn,res://assets/models/parts/tail_spike.tscn,12,1.01,1.01,1.01,69,37,26,25,29,21,1.06,0.85,1,317,15
118,ファルコンホーン,【第1形態】ファルコンホーン。古代より伝わるファルコンの力を宿すモンスター。,6,1,res://assets/models/bases/base_biped.tscn,res://assets/models/parts/horns_dual.tscn,,,5,0.96,0.96,0.96,61,36,32,19,23,24,1.15,0.85,2,318,15
119,セレスモグ,【第1形態】セレスモグ。古代より伝わるセレスの力を宿すモンスター。,7,2,res://assets/models/bases/base_biped.tscn,,,,6,1.0,1.0,1.0,71,40,29,22,33,18,1.13,1.05,3,319,15
120,ドゥームピクシー,【第1形態】ドゥームピクシー。古代より伝わるドゥームの力を宿すモンスター。,8,0,res://assets/models/bases/base_floating.tscn,,res://assets/models/parts/wings_angel.tscn,,15,1.04,1.04,1.04,65,32,32,21,33,24,1.18,1.14,0,320,15
121,イグニスポロン,【第1形態】イグニスポロン。古代より伝わるイグニスの力を宿すモンスター。,1,1,res://assets/models/bases/base_floating.tscn,,,,0,0.97,0.97,0.97,71,37,33,18,28,21,0.88,0.85,1,321,15
122,シレーヌベア,【第1形態】シレーヌベア。古代より伝わるシレーヌの力を宿すモンスター。,2,2,res://assets/models/bases/base_quadruped.tscn,,,,1,1.03,1.03,1.03,68,38,26,18,25,22,0.9,0.85,2,322,15
123,トレントモコ,【第1形態】トレントモコ。古代より伝わるトレントの力を宿すモンスター。,3,0,res://assets/models/bases/base_quadruped.tscn,,,,10,1.01,1.01,1.01,70,40,26,24,25,22,1.11,1.12,3,323,15
124,ジゴワットゴブ,【第1形態】ジゴワットゴブ。古代より伝わるジゴワットの力を宿すモンスター。,4,1,res://assets/models/bases/base_biped.tscn,res://assets/models/parts/horn_single.tscn,,,3,1.01,1.01,1.01,65,34,25,22,24,24,1.06,0.81,0,324,15
125,バサルトダイナ,【第1形態】バサルトダイナ。古代より伝わるバサルトの力を宿すモンスター。,5,2,res://assets/models/bases/base_biped.tscn,res://assets/models/parts/horns_dual.tscn,,res://assets/models/parts/tail_spike.tscn,4,0.96,0.96,0.96,73,35,28,24,24,21,0.82,1.1,1,325,15
126,スカイバット,【第1形態】スカイバット。古代より伝わるスカイの力を宿すモンスター。,6,0,res://assets/models/bases/base_floating.tscn,,res://assets/models/parts/wings_dragon.tscn,,13,1.0,1.0,1.0,72,33,32,25,27,29,1.04,0.98,2,326,15
127,ソレイユペガサス,【第1形態】ソレイユペガサス。古代より伝わるソレイユの力を宿すモンスター。,7,1,res://assets/models/bases/base_floating.tscn,res://assets/models/parts/horn_single.tscn,res://assets/models/parts/wings_angel.tscn,res://assets/models/parts/tail_spike.tscn,6,0.98,0.98,0.98,70,32,27,27,27,17,1.2,1.14,3,327,15
128,シャドウビースト,【第1形態】シャドウビースト。古代より伝わるシャドウの力を宿すモンスター。,8,2,res://assets/models/bases/base_quadruped.tscn,res://assets/models/parts/horns_dual.tscn,,res://assets/models/parts/tail_spike.tscn,7,0.99,0.99,0.99,62,39,34,19,27,22,1.04,0.83,0,328,15
129,フレイムタートル,【第1形態】フレイムタートル。古代より伝わるフレイムの力を宿すモンスター。,1,0,res://assets/models/bases/base_quadruped.tscn,,,,8,0.98,0.98,0.98,71,41,33,24,26,24,1.0,0.97,1,329,15
130,アクアナイト,【第1形態】アクアナイト。古代より伝わるアクアの力を宿すモンスター。,2,1,res://assets/models/bases/base_biped.tscn,res://assets/models/parts/horn_single.tscn,,,1,1.02,1.02,1.02,62,45,26,24,32,20,0.97,1.13,2,330,15
131,リーフクロウ,【第1形態】リーフクロウ。古代より伝わるリーフの力を宿すモンスター。,3,2,res://assets/models/bases/base_biped.tscn,,res://assets/models/parts/wings_dragon.tscn,res://assets/models/parts/tail_spike.tscn,2,0.99,0.99,0.99,80,33,28,27,27,21,0.95,0.86,3,331,15
132,サンダーコロ,【第1形態】サンダーコロ。古代より伝わるサンダーの力を宿すモンスター。,4,0,res://assets/models/bases/base_biped.tscn,,,,11,1.03,1.03,1.03,62,33,24,19,28,24,1.1,0.95,0,332,15
133,ガイアワイバーン,【第1形態】ガイアワイバーン。古代より伝わるガイアの力を宿すモンスター。,5,1,res://assets/models/bases/base_floating.tscn,res://assets/models/parts/horns_dual.tscn,res://assets/models/parts/wings_dragon.tscn,res://assets/models/parts/tail_spike.tscn,4,0.97,0.97,0.97,61,41,28,25,28,22,1.15,1.18,1,333,15
134,ウインドフォックス,【第1形態】ウインドフォックス。古代より伝わるウインドの力を宿すモンスター。,6,2,res://assets/models/bases/base_quadruped.tscn,,,res://assets/models/parts/tail_spike.tscn,5,0.99,0.99,0.99,72,32,29,22,27,22,1.03,0.89,2,334,15
135,ホーリーキマイラ,【第1形態】ホーリーキマイラ。古代より伝わるホーリーの力を宿すモンスター。,7,0,res://assets/models/bases/base_quadruped.tscn,res://assets/models/parts/horns_dual.tscn,res://assets/models/parts/wings_dragon.tscn,res://assets/models/parts/tail_spike.tscn,14,1.01,1.01,1.01,64,33,28,25,28,21,1.03,1.12,3,335,15
136,ダークレクス,【第1形態】ダークレクス。古代より伝わるダークの力を宿すモンスター。,8,1,res://assets/models/bases/base_biped.tscn,res://assets/models/parts/horns_dual.tscn,,res://assets/models/parts/tail_spike.tscn,7,1.03,1.03,1.03,73,41,27,22,26,19,0.91,1.1,0,336,15
137,マグマファング,【第1形態】マグマファング。古代より伝わるマグマの力を宿すモンスター。,1,2,res://assets/models/bases/base_biped.tscn,,,res://assets/models/parts/tail_spike.tscn,0,1.03,1.03,1.03,66,32,30,20,28,18,0.86,1.05,1,337,15
138,マリンタモ,【第1形態】マリンタモ。古代より伝わるマリンの力を宿すモンスター。,2,0,res://assets/models/bases/base_biped.tscn,,,,9,0.96,0.96,0.96,72,45,26,24,31,24,0.94,0.95,2,338,15
139,フォレストピクシー,【第1形態】フォレストピクシー。古代より伝わるフォレストの力を宿すモンスター。,3,1,res://assets/models/bases/base_floating.tscn,,res://assets/models/parts/wings_angel.tscn,,2,1.02,1.02,1.02,81,41,24,21,24,19,1.1,0.82,3,339,15
140,ボルトポロン,【第1形態】ボルトポロン。古代より伝わるボルトの力を宿すモンスター。,4,2,res://assets/models/bases/base_floating.tscn,,,,3,0.97,0.97,0.97,68,38,30,25,28,27,0.89,1.0,0,340,15
141,ゴーレムベア,【第1形態】ゴーレムベア。古代より伝わるゴーレムの力を宿すモンスター。,5,0,res://assets/models/bases/base_quadruped.tscn,,,,12,0.99,0.99,0.99,62,36,30,28,22,20,0.96,1.04,1,341,15
142,ゲイルモコ,【第1形態】ゲイルモコ。古代より伝わるゲイルの力を宿すモンスター。,6,1,res://assets/models/bases/base_quadruped.tscn,,,,5,0.96,0.96,0.96,65,35,27,22,26,26,0.85,1.0,2,342,15
143,シャインゴブ,【第1形態】シャインゴブ。古代より伝わるシャインの力を宿すモンスター。,7,2,res://assets/models/bases/base_biped.tscn,res://assets/models/parts/horn_single.tscn,,,6,0.99,0.99,0.99,63,38,26,25,28,23,1.14,0.82,3,343,15
144,カオスモグ,【第1形態】カオスモグ。古代より伝わるカオスの力を宿すモンスター。,8,0,res://assets/models/bases/base_biped.tscn,,,,15,0.96,0.96,0.96,62,37,33,24,32,21,0.85,0.81,0,344,15
145,バーンバード,【第1形態】バーンバード。古代より伝わるバーンの力を宿すモンスター。,1,1,res://assets/models/bases/base_floating.tscn,,res://assets/models/parts/wings_angel.tscn,,0,0.99,0.99,0.99,73,41,35,23,23,23,1.14,0.9,1,345,15
146,ハイドログリフ,【第1形態】ハイドログリフ。古代より伝わるハイドロの力を宿すモンスター。,2,2,res://assets/models/bases/base_floating.tscn,,res://assets/models/parts/wings_angel.tscn,res://assets/models/parts/tail_spike.tscn,1,1.01,1.01,1.01,69,38,29,22,30,20,0.93,0.87,2,346,15
147,シルフタイガー,【第1形態】シルフタイガー。古代より伝わるシルフの力を宿すモンスター。,3,0,res://assets/models/bases/base_quadruped.tscn,,,res://assets/models/parts/tail_spike.tscn,10,1.0,1.0,1.0,70,40,26,26,27,19,0.89,0.86,3,347,15
148,ライトニガル,【第1形態】ライトニガル。古代より伝わるライトニの力を宿すモンスター。,4,1,res://assets/models/bases/base_quadruped.tscn,res://assets/models/parts/horn_single.tscn,,res://assets/models/parts/tail_spike.tscn,3,0.98,0.98,0.98,70,34,24,20,29,30,1.1,1.1,0,348,15
149,アースリッチ,【第1形態】アースリッチ。古代より伝わるアースの力を宿すモンスター。,5,2,res://assets/models/bases/base_biped.tscn,,,,4,1.0,1.0,1.0,70,41,28,29,24,24,0.83,0.98,1,349,15
150,エアロコブラ,【第1形態】エアロコブラ。古代より伝わるエアロの力を宿すモンスター。,6,0,res://assets/models/bases/base_biped.tscn,,,res://assets/models/parts/tail_spike.tscn,13,0.98,0.98,0.98,65,41,25,23,23,25,0.98,0.82,2,350,15
151,ルミナスコロ,【第1形態】ルミナスコロ。古代より伝わるルミナスの力を宿すモンスター。,7,1,res://assets/models/bases/base_biped.tscn,,,,6,0.99,0.99,0.99,65,33,24,26,34,25,1.18,1.1,3,351,15
152,ネクロワイバーン,【第1形態】ネクロワイバーン。古代より伝わるネクロの力を宿すモンスター。,8,2,res://assets/models/bases/base_floating.tscn,res://assets/models/parts/horns_dual.tscn,res://assets/models/parts/wings_dragon.tscn,res://assets/models/parts/tail_spike.tscn,7,0.96,0.96,0.96,73,41,30,23,33,25,0.86,0.82,0,352,15
153,サラマンフォックス,【第1形態】サラマンフォックス。古代より伝わるサラマンの力を宿すモンスター。,1,0,res://assets/models/bases/base_quadruped.tscn,,,res://assets/models/parts/tail_spike.tscn,8,0.97,0.97,0.97,66,33,30,18,25,24,1.2,1.01,1,353,15
154,リヴァイキマイラ,【第1形態】リヴァイキマイラ。古代より伝わるリヴァイの力を宿すモンスター。,2,1,res://assets/models/bases/base_quadruped.tscn,res://assets/models/parts/horns_dual.tscn,res://assets/models/parts/wings_dragon.tscn,res://assets/models/parts/tail_spike.tscn,1,1.01,1.01,1.01,66,42,27,24,31,22,1.07,0.82,2,354,15
155,ウッドレクス,【第1形態】ウッドレクス。古代より伝わるウッドの力を宿すモンスター。,3,2,res://assets/models/bases/base_biped.tscn,res://assets/models/parts/horns_dual.tscn,,res://assets/models/parts/tail_spike.tscn,2,1.01,1.01,1.01,74,33,28,22,28,21,0.9,1.14,3,355,15
156,スパーククロウ,【第1形態】スパーククロウ。古代より伝わるスパークの力を宿すモンスター。,4,0,res://assets/models/bases/base_biped.tscn,,res://assets/models/parts/wings_dragon.tscn,res://assets/models/parts/tail_spike.tscn,11,1.04,1.04,1.04,70,34,28,19,24,28,0.92,1.06,0,356,15
157,クエイクノッコ,【第1形態】クエイクノッコ。古代より伝わるクエイクの力を宿すモンスター。,5,1,res://assets/models/bases/base_biped.tscn,,,,4,1.01,1.01,1.01,63,41,24,28,28,22,1.13,1.07,1,357,15
158,ストームフェアリー,【第1形態】ストームフェアリー。古代より伝わるストームの力を宿すモンスター。,6,2,res://assets/models/bases/base_floating.tscn,,res://assets/models/parts/wings_angel.tscn,,5,1.03,1.03,1.03,72,40,26,24,27,21,0.95,0.87,2,358,15
159,セラフパピー,【第1形態】セラフパピー。古代より伝わるセラフの力を宿すモンスター。,7,0,res://assets/models/bases/base_quadruped.tscn,,,res://assets/models/parts/tail_spike.tscn,14,0.98,0.98,0.98,73,39,26,23,29,19,0.83,1.14,3,359,15
160,アビスケルベ,【第1形態】アビスケルベ。古代より伝わるアビスの力を宿すモンスター。,8,1,res://assets/models/bases/base_quadruped.tscn,res://assets/models/parts/horns_dual.tscn,,res://assets/models/parts/tail_spike.tscn,7,0.97,0.97,0.97,73,40,27,23,28,23,0.86,0.87,0,360,15
161,クリムゾンドラコ,【第1形態】クリムゾンドラコ。古代より伝わるクリムゾンの力を宿すモンスター。,1,2,res://assets/models/bases/base_biped.tscn,res://assets/models/parts/horns_dual.tscn,res://assets/models/parts/wings_dragon.tscn,res://assets/models/parts/tail_spike.tscn,0,1.02,1.02,1.02,70,34,35,18,28,22,1.07,0.9,1,361,15
162,タイダルホーン,【第1形態】タイダルホーン。古代より伝わるタイダルの力を宿すモンスター。,2,0,res://assets/models/bases/base_biped.tscn,res://assets/models/parts/horns_dual.tscn,,,9,1.0,1.0,1.0,65,44,26,21,29,24,1.16,0.88,2,362,15
163,ブルームモグ,【第1形態】ブルームモグ。古代より伝わるブルームの力を宿すモンスター。,3,1,res://assets/models/bases/base_biped.tscn,,,,2,1.01,1.01,1.01,78,39,30,25,28,25,1.01,1.19,3,363,15
164,エレクトラバード,【第1形態】エレクトラバード。古代より伝わるエレクトラの力を宿すモンスター。,4,2,res://assets/models/bases/base_floating.tscn,,res://assets/models/parts/wings_angel.tscn,,3,1.03,1.03,1.03,73,41,25,22,22,30,1.15,1.02,0,364,15
165,グラングリフ,【第1形態】グラングリフ。古代より伝わるグランの力を宿すモンスター。,5,0,res://assets/models/bases/base_floating.tscn,,res://assets/models/parts/wings_angel.tscn,res://assets/models/parts/tail_spike.tscn,12,0.97,0.97,0.97,69,33,27,25,24,21,0.98,1.01,1,365,15
166,ゼファータイガー,【第1形態】ゼファータイガー。古代より伝わるゼファーの力を宿すモンスター。,6,1,res://assets/models/bases/base_quadruped.tscn,,,res://assets/models/parts/tail_spike.tscn,5,1.03,1.03,1.03,62,35,32,23,22,27,0.82,1.0,2,366,15
167,オーラガル,【第1形態】オーラガル。古代より伝わるオーラの力を宿すモンスター。,7,2,res://assets/models/bases/base_quadruped.tscn,res://assets/models/parts/horn_single.tscn,,res://assets/models/parts/tail_spike.tscn,6,0.98,0.98,0.98,62,37,26,20,32,18,1.14,1.06,3,367,15
168,ファントムゴブ,【第1形態】ファントムゴブ。古代より伝わるファントムの力を宿すモンスター。,8,0,res://assets/models/bases/base_biped.tscn,res://assets/models/parts/horn_single.tscn,,,15,1.02,1.02,1.02,63,32,31,25,28,24,0.98,0.8,0,368,15
169,ヴォルカダイナ,【第1形態】ヴォルカダイナ。古代より伝わるヴォルカの力を宿すモンスター。,1,1,res://assets/models/bases/base_biped.tscn,res://assets/models/parts/horns_dual.tscn,,res://assets/models/parts/tail_spike.tscn,0,0.97,0.97,0.97,65,35,30,24,23,21,0.9,0.85,1,369,15
170,オーシャンバット,【第1形態】オーシャンバット。古代より伝わるオーシャンの力を宿すモンスター。,2,2,res://assets/models/bases/base_floating.tscn,,res://assets/models/parts/wings_dragon.tscn,,1,0.98,0.98,0.98,71,46,30,19,26,24,1.04,0.81,2,370,15
171,ドリアードペガサス,【第1形態】ドリアードペガサス。古代より伝わるドリアードの力を宿すモンスター。,3,0,res://assets/models/bases/base_floating.tscn,res://assets/models/parts/horn_single.tscn,res://assets/models/parts/wings_angel.tscn,res://assets/models/parts/tail_spike.tscn,10,1.0,1.0,1.0,72,34,27,27,22,22,0.9,0.97,3,371,15
172,ライデンビースト,【第1形態】ライデンビースト。古代より伝わるライデンの力を宿すモンスター。,4,1,res://assets/models/bases/base_quadruped.tscn,res://assets/models/parts/horns_dual.tscn,,res://assets/models/parts/tail_spike.tscn,3,1.01,1.01,1.01,62,40,28,19,22,29,1.15,0.82,0,372,15
173,ストーンタートル,【第1形態】ストーンタートル。古代より伝わるストーンの力を宿すモンスター。,5,2,res://assets/models/bases/base_quadruped.tscn,,,,4,0.99,0.99,0.99,66,36,23,29,23,22,0.9,1.06,1,373,15
174,テンペストナイト,【第1形態】テンペストナイト。古代より伝わるテンペストの力を宿すモンスター。,6,0,res://assets/models/bases/base_biped.tscn,res://assets/models/parts/horn_single.tscn,,,13,0.97,0.97,0.97,70,37,27,18,27,29,0.94,1.06,2,374,15
175,グローリークロウ,【第1形態】グローリークロウ。古代より伝わるグローリーの力を宿すモンスター。,7,1,res://assets/models/bases/base_biped.tscn,,res://assets/models/parts/wings_dragon.tscn,res://assets/models/parts/tail_spike.tscn,6,1.03,1.03,1.03,71,39,30,22,29,18,1.09,1.18,3,375,15
176,ノワールノッコ,【第1形態】ノワールノッコ。古代より伝わるノワールの力を宿すモンスター。,8,2,res://assets/models/bases/base_biped.tscn,,,,7,0.96,0.96,0.96,64,32,30,18,31,21,1.01,1.2,0,376,15
177,ヒートフェアリー,【第1形態】ヒートフェアリー。古代より伝わるヒートの力を宿すモンスター。,1,0,res://assets/models/bases/base_floating.tscn,,res://assets/models/parts/wings_angel.tscn,,8,1.0,1.0,1.0,65,32,31,22,27,17,1.15,0.93,1,377,15
178,フロストパピー,【第1形態】フロストパピー。古代より伝わるフロストの力を宿すモンスター。,2,1,res://assets/models/bases/base_quadruped.tscn,,,res://assets/models/parts/tail_spike.tscn,1,0.97,0.97,0.97,66,43,29,25,31,22,1.19,1.0,2,378,15
179,モスケルベ,【第1形態】モスケルベ。古代より伝わるモスの力を宿すモンスター。,3,2,res://assets/models/bases/base_quadruped.tscn,res://assets/models/parts/horns_dual.tscn,,res://assets/models/parts/tail_spike.tscn,2,1.0,1.0,1.0,81,40,27,22,28,18,0.97,1.2,3,379,15
180,プラズマレクス,【第1形態】プラズマレクス。古代より伝わるプラズマの力を宿すモンスター。,4,0,res://assets/models/bases/base_biped.tscn,res://assets/models/parts/horns_dual.tscn,,res://assets/models/parts/tail_spike.tscn,11,0.97,0.97,0.97,65,37,24,19,27,27,0.92,1.04,0,380,15
181,テラファング,【第1形態】テラファング。古代より伝わるテラの力を宿すモンスター。,5,1,res://assets/models/bases/base_biped.tscn,,,res://assets/models/parts/tail_spike.tscn,4,0.99,0.99,0.99,72,39,28,31,22,22,1.05,0.97,1,381,15
182,ファルコンタモ,【第1形態】ファルコンタモ。古代より伝わるファルコンの力を宿すモンスター。,6,2,res://assets/models/bases/base_biped.tscn,,,,5,1.01,1.01,1.01,73,32,26,24,27,29,1.12,1.07,2,382,15
183,セレスピクシー,【第1形態】セレスピクシー。古代より伝わるセレスの力を宿すモンスター。,7,0,res://assets/models/bases/base_floating.tscn,,res://assets/models/parts/wings_angel.tscn,,14,1.04,1.04,1.04,63,41,30,20,29,18,0.89,1.06,3,383,15
184,ドゥームポロン,【第1形態】ドゥームポロン。古代より伝わるドゥームの力を宿すモンスター。,8,1,res://assets/models/bases/base_floating.tscn,,,,7,0.99,0.99,0.99,70,32,29,25,31,22,0.98,0.83,0,384,15
185,イグニスベア,【第1形態】イグニスベア。古代より伝わるイグニスの力を宿すモンスター。,1,2,res://assets/models/bases/base_quadruped.tscn,,,,0,0.97,0.97,0.97,66,38,33,22,25,18,0.81,0.87,1,385,15
186,シレーヌモコ,【第1形態】シレーヌモコ。古代より伝わるシレーヌの力を宿すモンスター。,2,0,res://assets/models/bases/base_quadruped.tscn,,,,9,1.0,1.0,1.0,69,38,27,22,32,20,1.2,0.91,2,386,15
187,トレントゴブ,【第1形態】トレントゴブ。古代より伝わるトレントの力を宿すモンスター。,3,1,res://assets/models/bases/base_biped.tscn,res://assets/models/parts/horn_single.tscn,,,2,1.03,1.03,1.03,76,35,24,23,23,24,0.87,1.09,3,387,15
188,ジゴワットダイナ,【第1形態】ジゴワットダイナ。古代より伝わるジゴワットの力を宿すモンスター。,4,2,res://assets/models/bases/base_biped.tscn,res://assets/models/parts/horns_dual.tscn,,res://assets/models/parts/tail_spike.tscn,3,1.04,1.04,1.04,73,37,28,19,26,27,1.14,1.08,0,388,15
189,バサルトバット,【第1形態】バサルトバット。古代より伝わるバサルトの力を宿すモンスター。,5,0,res://assets/models/bases/base_floating.tscn,,res://assets/models/parts/wings_dragon.tscn,,12,1.03,1.03,1.03,71,34,28,27,23,20,1.12,0.89,1,389,15
190,スカイペガサス,【第1形態】スカイペガサス。古代より伝わるスカイの力を宿すモンスター。,6,1,res://assets/models/bases/base_floating.tscn,res://assets/models/parts/horn_single.tscn,res://assets/models/parts/wings_angel.tscn,res://assets/models/parts/tail_spike.tscn,5,1.0,1.0,1.0,66,40,30,25,24,22,0.83,0.96,2,390,15
191,ソレイユビースト,【第1形態】ソレイユビースト。古代より伝わるソレイユの力を宿すモンスター。,7,2,res://assets/models/bases/base_quadruped.tscn,res://assets/models/parts/horns_dual.tscn,,res://assets/models/parts/tail_spike.tscn,6,1.02,1.02,1.02,68,40,29,26,28,19,1.19,1.06,3,391,15
192,シャドウガル,【第1形態】シャドウガル。古代より伝わるシャドウの力を宿すモンスター。,8,0,res://assets/models/bases/base_quadruped.tscn,res://assets/models/parts/horn_single.tscn,,res://assets/models/parts/tail_spike.tscn,15,1.0,1.0,1.0,71,40,32,20,28,19,0.97,1.16,0,392,15
193,フレイムリッチ,【第1形態】フレイムリッチ。古代より伝わるフレイムの力を宿すモンスター。,1,1,res://assets/models/bases/base_biped.tscn,,,,0,0.96,0.96,0.96,62,40,30,22,24,19,0.93,1.08,1,393,15
194,アクアコブラ,【第1形態】アクアコブラ。古代より伝わるアクアの力を宿すモンスター。,2,2,res://assets/models/bases/base_biped.tscn,,,res://assets/models/parts/tail_spike.tscn,1,0.99,0.99,0.99,69,41,24,22,28,25,0.91,1.05,2,394,15
195,リーフコロ,【第1形態】リーフコロ。古代より伝わるリーフの力を宿すモンスター。,3,0,res://assets/models/bases/base_biped.tscn,,,,10,1.01,1.01,1.01,70,40,25,23,24,22,1.14,1.03,3,395,15
196,サンダーワイバーン,【第1形態】サンダーワイバーン。古代より伝わるサンダーの力を宿すモンスター。,4,1,res://assets/models/bases/base_floating.tscn,res://assets/models/parts/horns_dual.tscn,res://assets/models/parts/wings_dragon.tscn,res://assets/models/parts/tail_spike.tscn,3,1.03,1.03,1.03,61,33,23,22,25,29,1.05,0.81,0,396,15
197,ガイアフォックス,【第1形態】ガイアフォックス。古代より伝わるガイアの力を宿すモンスター。,5,2,res://assets/models/bases/base_quadruped.tscn,,,res://assets/models/parts/tail_spike.tscn,4,1.03,1.03,1.03,69,36,27,31,25,23,0.92,0.83,1,397,15
198,ウインドキマイラ,【第1形態】ウインドキマイラ。古代より伝わるウインドの力を宿すモンスター。,6,0,res://assets/models/bases/base_quadruped.tscn,res://assets/models/parts/horns_dual.tscn,res://assets/models/parts/wings_dragon.tscn,res://assets/models/parts/tail_spike.tscn,13,0.96,0.96,0.96,68,38,32,25,25,26,1.04,0.93,2,398,15
199,ホーリーレクス,【第1形態】ホーリーレクス。古代より伝わるホーリーの力を宿すモンスター。,7,1,res://assets/models/bases/base_biped.tscn,res://assets/models/parts/horns_dual.tscn,,res://assets/models/parts/tail_spike.tscn,6,1.02,1.02,1.02,72,37,29,22,32,25,1.02,0.93,3,399,15
200,ダークファング,【第1形態】ダークファング。古代より伝わるダークの力を宿すモンスター。,8,2,res://assets/models/bases/base_biped.tscn,,,res://assets/models/parts/tail_spike.tscn,7,1.0,1.0,1.0,65,39,30,20,27,17,0.92,0.95,0,400,15
201,マグマタモキッド,【第2形態】マグマタモキッド。古代より伝わるマグマの力を宿すモンスター。,1,0,res://assets/models/bases/base_biped.tscn,res://assets/models/parts/crown.tscn,,,8,1.21,1.21,1.21,99,54,53,35,39,29,1.0,1.01,1,301,30
202,マリンピクシーロード,【第2形態】マリンピクシーロード。古代より伝わるマリンの力を宿すモンスター。,2,1,res://assets/models/bases/base_floating.tscn,res://assets/models/parts/crown.tscn,res://assets/models/parts/wings_angel.tscn,,1,1.2,1.2,1.2,100,69,38,31,48,35,0.98,0.9,2,302,30
203,フォレストポロンキング,【第2形態】フォレストポロンキング。古代より伝わるフォレストの力を宿すモンスター。,3,2,res://assets/models/bases/base_floating.tscn,,,,2,1.21,1.21,1.21,112,52,42,43,43,31,1.01,1.14,3,303,30
204,ボルトケルベエンペラー,【第2形態】ボルトケルベエンペラー。古代より伝わるボルトの力を宿すモンスター。,4,0,res://assets/models/bases/base_quadruped.tscn,res://assets/models/parts/horns_dual.tscn,,res://assets/models/parts/tail_spike.tscn,11,1.19,1.19,1.19,100,57,44,35,36,45,0.82,1.02,0,304,30
205,ゴーレムドラコオメガ,【第2形態】ゴーレムドラコオメガ。古代より伝わるゴーレムの力を宿すモンスター。,5,1,res://assets/models/bases/base_biped.tscn,res://assets/models/parts/horns_dual.tscn,res://assets/models/parts/wings_dragon.tscn,res://assets/models/parts/tail_spike.tscn,4,1.19,1.19,1.19,100,53,44,49,40,28,0.85,0.84,1,305,30
206,ゲイルホーンプライム,【第2形態】ゲイルホーンプライム。古代より伝わるゲイルの力を宿すモンスター。,6,2,res://assets/models/bases/base_biped.tscn,res://assets/models/parts/horns_dual.tscn,,,5,1.19,1.19,1.19,101,60,47,32,39,43,0.96,0.82,2,306,30
207,シャインモグス,【第2形態】シャインモグス。古代より伝わるシャインの力を宿すモンスター。,7,0,res://assets/models/bases/base_biped.tscn,,,,14,1.16,1.16,1.16,107,57,45,41,48,35,0.86,1.17,3,307,30
208,カオスバードル,【第2形態】カオスバードル。古代より伝わるカオスの力を宿すモンスター。,8,1,res://assets/models/bases/base_floating.tscn,,res://assets/models/parts/wings_angel.tscn,,7,1.19,1.19,1.19,102,61,50,35,51,31,0.99,0.81,0,308,30
209,バーングリフドン,【第2形態】バーングリフドン。古代より伝わるバーンの力を宿すモンスター。,1,2,res://assets/models/bases/base_floating.tscn,,res://assets/models/parts/wings_angel.tscn,res://assets/models/parts/tail_spike.tscn,0,1.19,1.19,1.19,97,58,52,30,43,31,1.19,1.11,1,309,30
210,ハイドロタイガーゴン,【第2形態】ハイドロタイガーゴン。古代より伝わるハイドロの力を宿すモンスター。,2,0,res://assets/models/bases/base_quadruped.tscn,,,res://assets/models/parts/tail_spike.tscn,9,1.22,1.22,1.22,105,65,38,37,44,35,1.05,1.05,2,310,30
211,シルフガルザー,【第2形態】シルフガルザー。古代より伝わるシルフの力を宿すモンスター。,3,1,res://assets/models/bases/base_quadruped.tscn,res://assets/models/parts/horn_single.tscn,,res://assets/models/parts/tail_spike.tscn,2,1.23,1.23,1.23,114,55,38,37,39,27,0.98,0.97,3,311,30
212,ライトニリッチキッド,【第2形態】ライトニリッチキッド。古代より伝わるライトニの力を宿すモンスター。,4,2,res://assets/models/bases/base_biped.tscn,res://assets/models/parts/crown.tscn,,,3,1.19,1.19,1.19,99,58,45,30,38,47,0.88,0.93,0,312,30
213,アースコブラロード,【第2形態】アースコブラロード。古代より伝わるアースの力を宿すモンスター。,5,0,res://assets/models/bases/base_biped.tscn,,,res://assets/models/parts/tail_spike.tscn,12,1.21,1.21,1.21,104,58,43,44,43,35,0.94,0.94,1,313,30
214,エアロコロキング,【第2形態】エアロコロキング。古代より伝わるエアロの力を宿すモンスター。,6,1,res://assets/models/bases/base_biped.tscn,,,,5,1.22,1.22,1.22,107,56,49,33,39,39,1.02,0.89,2,314,30
215,ルミナスワイバーンエンペラー,【第2形態】ルミナスワイバーンエンペラー。古代より伝わるルミナスの力を宿すモンスター。,7,2,res://assets/models/bases/base_floating.tscn,res://assets/models/parts/horns_dual.tscn,res://assets/models/parts/wings_dragon.tscn,res://assets/models/parts/tail_spike.tscn,6,1.24,1.24,1.24,100,56,41,41,51,34,0.94,1.17,3,315,30
216,ネクロビーストオメガ,【第2形態】ネクロビーストオメガ。古代より伝わるネクロの力を宿すモンスター。,8,0,res://assets/models/bases/base_quadruped.tscn,res://assets/models/parts/horns_dual.tscn,,res://assets/models/parts/tail_spike.tscn,15,1.22,1.22,1.22,100,56,47,36,50,32,1.18,1.12,0,316,30
217,サラマンタートルプライム,【第2形態】サラマンタートルプライム。古代より伝わるサラマンの力を宿すモンスター。,1,1,res://assets/models/bases/base_quadruped.tscn,,,,0,1.18,1.18,1.18,100,53,53,37,40,34,0.89,1.13,1,317,30
218,リヴァイナイトス,【第2形態】リヴァイナイトス。古代より伝わるリヴァイの力を宿すモンスター。,2,2,res://assets/models/bases/base_biped.tscn,res://assets/models/parts/horn_single.tscn,,,1,1.18,1.18,1.18,104,66,40,31,45,30,0.82,1.16,2,318,30
219,ウッドクロウル,【第2形態】ウッドクロウル。古代より伝わるウッドの力を宿すモンスター。,3,0,res://assets/models/bases/base_biped.tscn,,res://assets/models/parts/wings_dragon.tscn,res://assets/models/parts/tail_spike.tscn,10,1.18,1.18,1.18,115,52,39,42,41,34,0.84,1.11,3,319,30
220,スパークノッコドン,【第2形態】スパークノッコドン。古代より伝わるスパークの力を宿すモンスター。,4,1,res://assets/models/bases/base_biped.tscn,,,,3,1.16,1.16,1.16,104,54,44,37,43,42,1.1,0.91,0,320,30
221,クエイクフェアリーゴン,【第2形態】クエイクフェアリーゴン。古代より伝わるクエイクの力を宿すモンスター。,5,2,res://assets/models/bases/base_floating.tscn,,res://assets/models/parts/wings_angel.tscn,,4,1.18,1.18,1.18,96,53,41,42,38,33,1.15,0.87,1,321,30
222,ストームパピーザー,【第2形態】ストームパピーザー。古代より伝わるストームの力を宿すモンスター。,6,0,res://assets/models/bases/base_quadruped.tscn,,,res://assets/models/parts/tail_spike.tscn,13,1.23,1.23,1.23,102,59,44,34,36,35,0.92,1.04,2,322,30
223,セラフケルベキッド,【第2形態】セラフケルベキッド。古代より伝わるセラフの力を宿すモンスター。,7,1,res://assets/models/bases/base_quadruped.tscn,res://assets/models/parts/horns_dual.tscn,,res://assets/models/parts/tail_spike.tscn,6,1.23,1.23,1.23,101,56,45,41,48,35,0.99,0.88,3,323,30
224,アビスドラコロード,【第2形態】アビスドラコロード。古代より伝わるアビスの力を宿すモンスター。,8,2,res://assets/models/bases/base_biped.tscn,res://assets/models/parts/horns_dual.tscn,res://assets/models/parts/wings_dragon.tscn,res://assets/models/parts/tail_spike.tscn,7,1.17,1.17,1.17,98,59,50,32,44,32,1.12,1.03,0,324,30
225,クリムゾンホーンキング,【第2形態】クリムゾンホーンキング。古代より伝わるクリムゾンの力を宿すモンスター。,1,0,res://assets/models/bases/base_biped.tscn,res://assets/models/parts/horns_dual.tscn,,,8,1.22,1.22,1.22,98,61,54,36,41,28,0.96,0.84,1,325,30
226,タイダルモグエンペラー,【第2形態】タイダルモグエンペラー。古代より伝わるタイダルの力を宿すモンスター。,2,1,res://assets/models/bases/base_biped.tscn,,,,1,1.24,1.24,1.24,103,67,41,30,46,33,0.89,1.1,2,326,30
227,ブルームバードオメガ,【第2形態】ブルームバードオメガ。古代より伝わるブルームの力を宿すモンスター。,3,2,res://assets/models/bases/base_floating.tscn,,res://assets/models/parts/wings_angel.tscn,,2,1.24,1.24,1.24,116,61,38,40,41,30,0.82,0.85,3,327,30
228,エレクトラポロンプライム,【第2形態】エレクトラポロンプライム。古代より伝わるエレクトラの力を宿すモンスター。,4,0,res://assets/models/bases/base_floating.tscn,,,,11,1.18,1.18,1.18,102,60,42,31,40,44,1.05,0.89,0,328,30
229,グランベアス,【第2形態】グランベアス。古代より伝わるグランの力を宿すモンスター。,5,1,res://assets/models/bases/base_quadruped.tscn,,,,4,1.17,1.17,1.17,98,59,43,48,43,35,1.12,1.13,1,329,30
230,ゼファーモコル,【第2形態】ゼファーモコル。古代より伝わるゼファーの力を宿すモンスター。,6,2,res://assets/models/bases/base_quadruped.tscn,,,,5,1.22,1.22,1.22,106,61,43,37,41,36,1.17,0.84,2,330,30
231,オーラゴブドン,【第2形態】オーラゴブドン。古代より伝わるオーラの力を宿すモンスター。,7,0,res://assets/models/bases/base_biped.tscn,res://assets/models/parts/horn_single.tscn,,,14,1.23,1.23,1.23,104,55,40,36,51,35,0.98,1.07,3,331,30
232,ファントムダイナゴン,【第2形態】ファントムダイナゴン。古代より伝わるファントムの力を宿すモンスター。,8,1,res://assets/models/bases/base_biped.tscn,res://assets/models/parts/horns_dual.tscn,,res://assets/models/parts/tail_spike.tscn,7,1.22,1.22,1.22,103,53,53,30,51,29,1.01,0.98,0,332,30
233,ヴォルカバットザー,【第2形態】ヴォルカバットザー。古代より伝わるヴォルカの力を宿すモンスター。,1,2,res://assets/models/bases/base_floating.tscn,,res://assets/models/parts/wings_dragon.tscn,,0,1.16,1.16,1.16,103,56,48,36,40,27,1.1,1.03,1,333,30
234,オーシャンペガサスキッド,【第2形態】オーシャンペガサスキッド。古代より伝わるオーシャンの力を宿すモンスター。,2,0,res://assets/models/bases/base_floating.tscn,res://assets/models/parts/horn_single.tscn,res://assets/models/parts/wings_angel.tscn,res://assets/models/parts/tail_spike.tscn,9,1.16,1.16,1.16,101,63,38,31,49,27,0.91,0.87,2,334,30
235,ドリアードビーストロード,【第2形態】ドリアードビーストロード。古代より伝わるドリアードの力を宿すモンスター。,3,1,res://assets/models/bases/base_quadruped.tscn,res://assets/models/parts/horns_dual.tscn,,res://assets/models/parts/tail_spike.tscn,2,1.17,1.17,1.17,122,58,43,42,43,33,0.95,1.07,3,335,30
236,ライデンタートルキング,【第2形態】ライデンタートルキング。古代より伝わるライデンの力を宿すモンスター。,4,2,res://assets/models/bases/base_quadruped.tscn,,,,3,1.21,1.21,1.21,104,54,43,31,38,47,0.96,0.85,0,336,30
237,ストーンナイトエンペラー,【第2形態】ストーンナイトエンペラー。古代より伝わるストーンの力を宿すモンスター。,5,0,res://assets/models/bases/base_biped.tscn,res://assets/models/parts/horn_single.tscn,,,12,1.24,1.24,1.24,96,52,42,49,42,35,0.95,0.89,1,337,30
238,テンペストクロウオメガ,【第2形態】テンペストクロウオメガ。古代より伝わるテンペストの力を宿すモンスター。,6,1,res://assets/models/bases/base_biped.tscn,,res://assets/models/parts/wings_dragon.tscn,res://assets/models/parts/tail_spike.tscn,5,1.2,1.2,1.2,98,56,45,31,36,41,1.05,1.17,2,338,30
239,グローリーノッコプライム,【第2形態】グローリーノッコプライム。古代より伝わるグローリーの力を宿すモンスター。,7,2,res://assets/models/bases/base_biped.tscn,,,,6,1.23,1.23,1.23,99,55,39,35,46,34,1.04,1.08,3,339,30
240,ノワールワイバーンス,【第2形態】ノワールワイバーンス。古代より伝わるノワールの力を宿すモンスター。,8,0,res://assets/models/bases/base_floating.tscn,res://assets/models/parts/horns_dual.tscn,res://assets/models/parts/wings_dragon.tscn,res://assets/models/parts/tail_spike.tscn,15,1.16,1.16,1.16,107,52,52,37,47,35,0.89,1.15,0,340,30
241,ヒートフォックスル,【第2形態】ヒートフォックスル。古代より伝わるヒートの力を宿すモンスター。,1,1,res://assets/models/bases/base_quadruped.tscn,,,res://assets/models/parts/tail_spike.tscn,0,1.16,1.16,1.16,104,56,51,35,41,30,0.92,0.86,1,341,30
242,フロストキマイラドン,【第2形態】フロストキマイラドン。古代より伝わるフロストの力を宿すモンスター。,2,2,res://assets/models/bases/base_quadruped.tscn,res://assets/models/parts/horns_dual.tscn,res://assets/models/parts/wings_dragon.tscn,res://assets/models/parts/tail_spike.tscn,1,1.21,1.21,1.21,99,68,42,34,42,35,1.18,1.15,2,342,30
243,モスレクスゴン,【第2形態】モスレクスゴン。古代より伝わるモスの力を宿すモンスター。,3,0,res://assets/models/bases/base_biped.tscn,res://assets/models/parts/horns_dual.tscn,,res://assets/models/parts/tail_spike.tscn,10,1.23,1.23,1.23,122,58,45,36,41,33,1.11,0.93,3,343,30
244,プラズマファングザー,【第2形態】プラズマファングザー。古代より伝わるプラズマの力を宿すモンスター。,4,1,res://assets/models/bases/base_biped.tscn,,,res://assets/models/parts/tail_spike.tscn,3,1.19,1.19,1.19,98,56,44,32,43,42,1.14,0.92,0,344,30
245,テラタモキッド,【第2形態】テラタモキッド。古代より伝わるテラの力を宿すモンスター。,5,2,res://assets/models/bases/base_biped.tscn,res://assets/models/parts/crown.tscn,,,4,1.22,1.22,1.22,108,59,38,48,42,35,1.01,0.96,1,345,30
246,ファルコンピクシーロード,【第2形態】ファルコンピクシーロード。古代より伝わるファルコンの力を宿すモンスター。,6,0,res://assets/models/bases/base_floating.tscn,res://assets/models/parts/crown.tscn,res://assets/models/parts/wings_angel.tscn,,13,1.18,1.18,1.18,101,53,49,35,37,43,1.09,0.88,2,346,30
247,セレスポロンキング,【第2形態】セレスポロンキング。古代より伝わるセレスの力を宿すモンスター。,7,1,res://assets/models/bases/base_floating.tscn,,,,6,1.18,1.18,1.18,106,61,38,35,49,35,0.89,0.88,3,347,30
248,ドゥームベアエンペラー,【第2形態】ドゥームベアエンペラー。古代より伝わるドゥームの力を宿すモンスター。,8,2,res://assets/models/bases/base_quadruped.tscn,,,,7,1.23,1.23,1.23,100,52,49,33,45,34,1.17,1.08,0,348,30
249,イグニスモコオメガ,【第2形態】イグニスモコオメガ。古代より伝わるイグニスの力を宿すモンスター。,1,0,res://assets/models/bases/base_quadruped.tscn,,,,8,1.22,1.22,1.22,102,55,53,34,42,34,1.01,0.94,1,349,30
250,シレーヌゴブプライム,【第2形態】シレーヌゴブプライム。古代より伝わるシレーヌの力を宿すモンスター。,2,1,res://assets/models/bases/base_biped.tscn,res://assets/models/parts/horn_single.tscn,,,1,1.18,1.18,1.18,104,69,45,31,49,32,1.17,0.95,2,350,30
251,トレントダイナス,【第2形態】トレントダイナス。古代より伝わるトレントの力を宿すモンスター。,3,2,res://assets/models/bases/base_biped.tscn,res://assets/models/parts/horns_dual.tscn,,res://assets/models/parts/tail_spike.tscn,2,1.19,1.19,1.19,121,55,40,36,40,35,1.17,1.03,3,351,30
252,ジゴワットバードル,【第2形態】ジゴワットバードル。古代より伝わるジゴワットの力を宿すモンスター。,4,0,res://assets/models/bases/base_floating.tscn,,res://assets/models/parts/wings_angel.tscn,,11,1.19,1.19,1.19,98,55,43,33,42,42,1.0,1.06,0,352,30
253,バサルトグリフドン,【第2形態】バサルトグリフドン。古代より伝わるバサルトの力を宿すモンスター。,5,1,res://assets/models/bases/base_floating.tscn,,res://assets/models/parts/wings_angel.tscn,res://assets/models/parts/tail_spike.tscn,4,1.21,1.21,1.21,100,59,45,49,38,32,0.87,1.09,1,353,30
254,スカイタイガーゴン,【第2形態】スカイタイガーゴン。古代より伝わるスカイの力を宿すモンスター。,6,2,res://assets/models/bases/base_quadruped.tscn,,,res://assets/models/parts/tail_spike.tscn,5,1.2,1.2,1.2,104,52,42,31,36,35,0.96,1.14,2,354,30
255,ソレイユガルザー,【第2形態】ソレイユガルザー。古代より伝わるソレイユの力を宿すモンスター。,7,0,res://assets/models/bases/base_quadruped.tscn,res://assets/models/parts/horn_single.tscn,,res://assets/models/parts/tail_spike.tscn,14,1.18,1.18,1.18,107,54,38,37,53,32,0.82,1.06,3,355,30
256,シャドウリッチキッド,【第2形態】シャドウリッチキッド。古代より伝わるシャドウの力を宿すモンスター。,8,1,res://assets/models/bases/base_biped.tscn,res://assets/models/parts/crown.tscn,,,7,1.23,1.23,1.23,103,59,46,30,50,27,0.81,1.09,0,356,30
257,フレイムコブラロード,【第2形態】フレイムコブラロード。古代より伝わるフレイムの力を宿すモンスター。,1,2,res://assets/models/bases/base_biped.tscn,,,res://assets/models/parts/tail_spike.tscn,0,1.2,1.2,1.2,100,52,54,32,37,28,1.01,0.9,1,357,30
258,アクアコロキング,【第2形態】アクアコロキング。古代より伝わるアクアの力を宿すモンスター。,2,0,res://assets/models/bases/base_biped.tscn,,,,9,1.21,1.21,1.21,100,67,42,36,43,32,1.18,0.98,2,358,30
259,リーフワイバーンエンペラー,【第2形態】リーフワイバーンエンペラー。古代より伝わるリーフの力を宿すモンスター。,3,1,res://assets/models/bases/base_floating.tscn,res://assets/models/parts/horns_dual.tscn,res://assets/models/parts/wings_dragon.tscn,res://assets/models/parts/tail_spike.tscn,2,1.18,1.18,1.18,123,55,42,37,36,28,0.96,0.95,3,359,30
260,サンダーフォックスオメガ,【第2形態】サンダーフォックスオメガ。古代より伝わるサンダーの力を宿すモンスター。,4,2,res://assets/models/bases/base_quadruped.tscn,,,res://assets/models/parts/tail_spike.tscn,3,1.2,1.2,1.2,106,52,40,31,43,45,1.06,0.93,0,360,30
261,ガイアキマイラプライム,【第2形態】ガイアキマイラプライム。古代より伝わるガイアの力を宿すモンスター。,5,0,res://assets/models/bases/base_quadruped.tscn,res://assets/models/parts/horns_dual.tscn,res://assets/models/parts/wings_dragon.tscn,res://assets/models/parts/tail_spike.tscn,12,1.24,1.24,1.24,97,60,38,45,39,34,0.91,1.17,1,361,30
262,ウインドレクスス,【第2形態】ウインドレクスス。古代より伝わるウインドの力を宿すモンスター。,6,1,res://assets/models/bases/base_biped.tscn,res://assets/models/parts/horns_dual.tscn,,res://assets/models/parts/tail_spike.tscn,5,1.21,1.21,1.21,100,60,42,32,41,35,1.18,1.03,2,362,30
263,ホーリーファングル,【第2形態】ホーリーファングル。古代より伝わるホーリーの力を宿すモンスター。,7,2,res://assets/models/bases/base_biped.tscn,,,res://assets/models/parts/tail_spike.tscn,6,1.22,1.22,1.22,107,58,39,38,48,30,1.03,1.14,3,363,30
264,ダークノッコドン,【第2形態】ダークノッコドン。古代より伝わるダークの力を宿すモンスター。,8,0,res://assets/models/bases/base_biped.tscn,,,,15,1.21,1.21,1.21,104,57,52,32,45,35,1.1,0.94,0,364,30
265,マグマフェアリーゴン,【第2形態】マグマフェアリーゴン。古代より伝わるマグマの力を宿すモンスター。,1,1,res://assets/models/bases/base_floating.tscn,,res://assets/models/parts/wings_angel.tscn,,0,1.17,1.17,1.17,99,53,53,36,41,27,1.05,1.11,1,365,30
266,マリンパピーザー,【第2形態】マリンパピーザー。古代より伝わるマリンの力を宿すモンスター。,2,2,res://assets/models/bases/base_quadruped.tscn,,,res://assets/models/parts/tail_spike.tscn,1,1.2,1.2,1.2,99,67,44,36,44,33,0.83,1.05,2,366,30
267,フォレストケルベキッド,【第2形態】フォレストケルベキッド。古代より伝わるフォレストの力を宿すモンスター。,3,0,res://assets/models/bases/base_quadruped.tscn,res://assets/models/parts/horns_dual.tscn,,res://assets/models/parts/tail_spike.tscn,10,1.22,1.22,1.22,123,53,39,40,38,33,1.08,1.05,3,367,30
268,ボルトドラコロード,【第2形態】ボルトドラコロード。古代より伝わるボルトの力を宿すモンスター。,4,1,res://assets/models/bases/base_biped.tscn,res://assets/models/parts/horns_dual.tscn,res://assets/models/parts/wings_dragon.tscn,res://assets/models/parts/tail_spike.tscn,3,1.22,1.22,1.22,101,57,39,31,36,43,0.98,1.1,0,368,30
269,ゴーレムホーンキング,【第2形態】ゴーレムホーンキング。古代より伝わるゴーレムの力を宿すモンスター。,5,2,res://assets/models/bases/base_biped.tscn,res://assets/models/parts/horns_dual.tscn,,,4,1.17,1.17,1.17,97,54,44,49,42,28,0.81,0.94,1,369,30
270,ゲイルモグエンペラー,【第2形態】ゲイルモグエンペラー。古代より伝わるゲイルの力を宿すモンスター。,6,0,res://assets/models/bases/base_biped.tscn,,,,13,1.17,1.17,1.17,105,57,48,30,40,41,0.96,0.83,2,370,30
271,シャインバードオメガ,【第2形態】シャインバードオメガ。古代より伝わるシャインの力を宿すモンスター。,7,1,res://assets/models/bases/base_floating.tscn,,res://assets/models/parts/wings_angel.tscn,,6,1.23,1.23,1.23,99,61,40,40,48,29,0.91,0.91,3,371,30
272,カオスグリフプライム,【第2形態】カオスグリフプライム。古代より伝わるカオスの力を宿すモンスター。,8,2,res://assets/models/bases/base_floating.tscn,,res://assets/models/parts/wings_angel.tscn,res://assets/models/parts/tail_spike.tscn,7,1.17,1.17,1.17,98,58,50,36,48,34,1.11,0.94,0,372,30
273,バーンタイガース,【第2形態】バーンタイガース。古代より伝わるバーンの力を宿すモンスター。,1,0,res://assets/models/bases/base_quadruped.tscn,,,res://assets/models/parts/tail_spike.tscn,8,1.24,1.24,1.24,107,59,51,37,37,29,0.92,1.18,1,373,30
274,ハイドロガルル,【第2形態】ハイドロガルル。古代より伝わるハイドロの力を宿すモンスター。,2,1,res://assets/models/bases/base_quadruped.tscn,res://assets/models/parts/horn_single.tscn,,res://assets/models/parts/tail_spike.tscn,1,1.19,1.19,1.19,105,68,43,37,47,33,1.13,1.14,2,374,30
275,シルフリッチドン,【第2形態】シルフリッチドン。古代より伝わるシルフの力を宿すモンスター。,3,2,res://assets/models/bases/base_biped.tscn,res://assets/models/parts/crown.tscn,,,2,1.24,1.24,1.24,114,56,43,39,43,32,0.87,0.96,3,375,30
276,ライトニダイナゴン,【第2形態】ライトニダイナゴン。古代より伝わるライトニの力を宿すモンスター。,4,0,res://assets/models/bases/base_biped.tscn,res://assets/models/parts/horns_dual.tscn,,res://assets/models/parts/tail_spike.tscn,11,1.19,1.19,1.19,107,59,41,35,42,43,1.13,0.96,0,376,30
277,アースバットザー,【第2形態】アースバットザー。古代より伝わるアースの力を宿すモンスター。,5,1,res://assets/models/bases/base_floating.tscn,,res://assets/models/parts/wings_dragon.tscn,,4,1.17,1.17,1.17,105,55,40,42,43,30,0.98,0.92,1,377,30
278,エアロペガサスキッド,【第2形態】エアロペガサスキッド。古代より伝わるエアロの力を宿すモンスター。,6,2,res://assets/models/bases/base_floating.tscn,res://assets/models/parts/horn_single.tscn,res://assets/models/parts/wings_angel.tscn,res://assets/models/parts/tail_spike.tscn,5,1.22,1.22,1.22,108,58,49,32,40,38,0.9,0.86,2,378,30
279,ルミナスビーストロード,【第2形態】ルミナスビーストロード。古代より伝わるルミナスの力を宿すモンスター。,7,0,res://assets/models/bases/base_quadruped.tscn,res://assets/models/parts/horns_dual.tscn,,res://assets/models/parts/tail_spike.tscn,14,1.19,1.19,1.19,102,53,45,41,52,35,1.0,1.17,3,379,30
280,ネクロタートルキング,【第2形態】ネクロタートルキング。古代より伝わるネクロの力を宿すモンスター。,8,1,res://assets/models/bases/base_quadruped.tscn,,,,7,1.22,1.22,1.22,104,52,51,31,45,30,1.06,0.94,0,380,30
281,サラマンナイトエンペラー,【第2形態】サラマンナイトエンペラー。古代より伝わるサラマンの力を宿すモンスター。,1,2,res://assets/models/bases/base_biped.tscn,res://assets/models/parts/horn_single.tscn,,,0,1.21,1.21,1.21,96,61,54,35,42,28,0.8,0.9,1,381,30
282,リヴァイクロウオメガ,【第2形態】リヴァイクロウオメガ。古代より伝わるリヴァイの力を宿すモンスター。,2,0,res://assets/models/bases/base_biped.tscn,,res://assets/models/parts/wings_dragon.tscn,res://assets/models/parts/tail_spike.tscn,9,1.2,1.2,1.2,104,70,41,37,47,33,0.99,1.07,2,382,30
283,ウッドノッコプライム,【第2形態】ウッドノッコプライム。古代より伝わるウッドの力を宿すモンスター。,3,1,res://assets/models/bases/base_biped.tscn,,,,2,1.22,1.22,1.22,114,57,38,43,37,31,0.97,1.18,3,383,30
284,スパークフェアリース,【第2形態】スパークフェアリース。古代より伝わるスパークの力を宿すモンスター。,4,2,res://assets/models/bases/base_floating.tscn,,res://assets/models/parts/wings_angel.tscn,,3,1.17,1.17,1.17,107,54,43,34,41,46,1.11,1.01,0,384,30
285,クエイクパピール,【第2形態】クエイクパピール。古代より伝わるクエイクの力を宿すモンスター。,5,0,res://assets/models/bases/base_quadruped.tscn,,,res://assets/models/parts/tail_spike.tscn,12,1.19,1.19,1.19,97,59,45,47,37,31,0.82,1.08,1,385,30
286,ストームケルベドン,【第2形態】ストームケルベドン。古代より伝わるストームの力を宿すモンスター。,6,1,res://assets/models/bases/base_quadruped.tscn,res://assets/models/parts/horns_dual.tscn,,res://assets/models/parts/tail_spike.tscn,5,1.16,1.16,1.16,101,53,44,33,38,43,0.86,1.02,2,386,30
287,セラフドラコゴン,【第2形態】セラフドラコゴン。古代より伝わるセラフの力を宿すモンスター。,7,2,res://assets/models/bases/base_biped.tscn,res://assets/models/parts/horns_dual.tscn,res://assets/models/parts/wings_dragon.tscn,res://assets/models/parts/tail_spike.tscn,6,1.24,1.24,1.24,99,58,40,36,52,33,0.81,1.05,3,387,30
288,アビスファングザー,【第2形態】アビスファングザー。古代より伝わるアビスの力を宿すモンスター。,8,0,res://assets/models/bases/base_biped.tscn,,,res://assets/models/parts/tail_spike.tscn,15,1.18,1.18,1.18,105,58,52,30,47,30,0.91,1.08,0,388,30
289,クリムゾンタモキッド,【第2形態】クリムゾンタモキッド。古代より伝わるクリムゾンの力を宿すモンスター。,1,1,res://assets/models/bases/base_biped.tscn,res://assets/models/parts/crown.tscn,,,0,1.22,1.22,1.22,105,53,50,35,41,30,0.98,0.9,1,389,30
290,タイダルピクシーロード,【第2形態】タイダルピクシーロード。古代より伝わるタイダルの力を宿すモンスター。,2,2,res://assets/models/bases/base_floating.tscn,res://assets/models/parts/crown.tscn,res://assets/models/parts/wings_angel.tscn,,1,1.23,1.23,1.23,104,67,44,36,43,32,0.94,0.98,2,390,30
291,ブルームポロンキング,【第2形態】ブルームポロンキング。古代より伝わるブルームの力を宿すモンスター。,3,0,res://assets/models/bases/base_floating.tscn,,,,10,1.17,1.17,1.17,122,56,39,38,41,28,0.9,0.85,3,391,30
292,エレクトラベアエンペラー,【第2形態】エレクトラベアエンペラー。古代より伝わるエレクトラの力を宿すモンスター。,4,1,res://assets/models/bases/base_quadruped.tscn,,,,3,1.19,1.19,1.19,98,60,44,36,38,45,0.97,0.99,0,392,30
293,グランモコオメガ,【第2形態】グランモコオメガ。古代より伝わるグランの力を宿すモンスター。,5,2,res://assets/models/bases/base_quadruped.tscn,,,,4,1.2,1.2,1.2,106,54,40,49,40,29,0.87,1.14,1,393,30
294,ゼファーゴブプライム,【第2形態】ゼファーゴブプライム。古代より伝わるゼファーの力を宿すモンスター。,6,0,res://assets/models/bases/base_biped.tscn,res://assets/models/parts/horn_single.tscn,,,13,1.21,1.21,1.21,101,52,49,32,39,41,1.19,1.0,2,394,30
295,オーラダイナス,【第2形態】オーラダイナス。古代より伝わるオーラの力を宿すモンスター。,7,1,res://assets/models/bases/base_biped.tscn,res://assets/models/parts/horns_dual.tscn,,res://assets/models/parts/tail_spike.tscn,6,1.2,1.2,1.2,106,59,44,41,53,29,0.83,0.81,3,395,30
296,ファントムバットル,【第2形態】ファントムバットル。古代より伝わるファントムの力を宿すモンスター。,8,2,res://assets/models/bases/base_floating.tscn,,res://assets/models/parts/wings_dragon.tscn,,7,1.22,1.22,1.22,100,52,50,33,48,29,1.11,1.03,0,396,30
297,ヴォルカペガサスドン,【第2形態】ヴォルカペガサスドン。古代より伝わるヴォルカの力を宿すモンスター。,1,0,res://assets/models/bases/base_floating.tscn,res://assets/models/parts/horn_single.tscn,res://assets/models/parts/wings_angel.tscn,res://assets/models/parts/tail_spike.tscn,8,1.22,1.22,1.22,103,60,49,31,40,35,1.13,0.95,1,397,30
298,オーシャンビーストゴン,【第2形態】オーシャンビーストゴン。古代より伝わるオーシャンの力を宿すモンスター。,2,1,res://assets/models/bases/base_quadruped.tscn,res://assets/models/parts/horns_dual.tscn,,res://assets/models/parts/tail_spike.tscn,1,1.23,1.23,1.23,96,69,41,36,43,30,0.92,1.2,2,398,30
299,ドリアードタートルザー,【第2形態】ドリアードタートルザー。古代より伝わるドリアードの力を宿すモンスター。,3,2,res://assets/models/bases/base_quadruped.tscn,,,,2,1.2,1.2,1.2,117,53,45,37,39,30,1.12,1.04,3,399,30
300,ライデンリッチキッド,【第2形態】ライデンリッチキッド。古代より伝わるライデンの力を宿すモンスター。,4,0,res://assets/models/bases/base_biped.tscn,res://assets/models/parts/crown.tscn,,,11,1.19,1.19,1.19,107,61,44,32,38,42,1.13,1.12,0,400,30
301,ストーンコブラロード,【第2形態】ストーンコブラロード。古代より伝わるストーンの力を宿すモンスター。,5,1,res://assets/models/bases/base_biped.tscn,,,res://assets/models/parts/tail_spike.tscn,4,1.21,1.21,1.21,104,56,40,47,40,31,1.03,1.18,1,401,30
302,テンペストコロキング,【第2形態】テンペストコロキング。古代より伝わるテンペストの力を宿すモンスター。,6,2,res://assets/models/bases/base_biped.tscn,,,,5,1.2,1.2,1.2,106,53,44,36,36,39,1.15,0.85,2,402,30
303,グローリーワイバーンエンペラー,【第2形態】グローリーワイバーンエンペラー。古代より伝わるグローリーの力を宿すモンスター。,7,0,res://assets/models/bases/base_floating.tscn,res://assets/models/parts/horns_dual.tscn,res://assets/models/parts/wings_dragon.tscn,res://assets/models/parts/tail_spike.tscn,14,1.23,1.23,1.23,99,54,43,37,52,34,0.86,1.05,3,403,30
304,ノワールフォックスオメガ,【第2形態】ノワールフォックスオメガ。古代より伝わるノワールの力を宿すモンスター。,8,1,res://assets/models/bases/base_quadruped.tscn,,,res://assets/models/parts/tail_spike.tscn,7,1.21,1.21,1.21,102,59,47,31,50,35,1.1,1.08,0,404,30
305,ヒートキマイラプライム,【第2形態】ヒートキマイラプライム。古代より伝わるヒートの力を宿すモンスター。,1,2,res://assets/models/bases/base_quadruped.tscn,res://assets/models/parts/horns_dual.tscn,res://assets/models/parts/wings_dragon.tscn,res://assets/models/parts/tail_spike.tscn,0,1.23,1.23,1.23,103,59,53,30,37,34,1.05,1.08,1,405,30
306,フロストレクスス,【第2形態】フロストレクスス。古代より伝わるフロストの力を宿すモンスター。,2,0,res://assets/models/bases/base_biped.tscn,res://assets/models/parts/horns_dual.tscn,,res://assets/models/parts/tail_spike.tscn,9,1.23,1.23,1.23,108,70,44,33,48,30,1.0,0.93,2,406,30
307,モスファングル,【第2形態】モスファングル。古代より伝わるモスの力を宿すモンスター。,3,1,res://assets/models/bases/base_biped.tscn,,,res://assets/models/parts/tail_spike.tscn,2,1.18,1.18,1.18,120,61,40,43,41,27,0.82,1.05,3,407,30
308,プラズマタモドン,【第2形態】プラズマタモドン。古代より伝わるプラズマの力を宿すモンスター。,4,2,res://assets/models/bases/base_biped.tscn,res://assets/models/parts/crown.tscn,,,3,1.23,1.23,1.23,96,53,40,37,43,39,1.2,0.97,0,408,30
309,テラピクシーゴン,【第2形態】テラピクシーゴン。古代より伝わるテラの力を宿すモンスター。,5,0,res://assets/models/bases/base_floating.tscn,res://assets/models/parts/crown.tscn,res://assets/models/parts/wings_angel.tscn,,12,1.24,1.24,1.24,98,56,40,46,37,32,0.9,0.95,1,409,30
310,ファルコンポロンザー,【第2形態】ファルコンポロンザー。古代より伝わるファルコンの力を宿すモンスター。,6,1,res://assets/models/bases/base_floating.tscn,,,,5,1.23,1.23,1.23,98,52,48,34,39,41,1.06,1.08,2,410,30
311,セレスベアキッド,【第2形態】セレスベアキッド。古代より伝わるセレスの力を宿すモンスター。,7,2,res://assets/models/bases/base_quadruped.tscn,,,,6,1.16,1.16,1.16,103,53,40,37,53,27,0.8,0.94,3,411,30
312,ドゥームドラコロード,【第2形態】ドゥームドラコロード。古代より伝わるドゥームの力を宿すモンスター。,8,0,res://assets/models/bases/base_biped.tscn,res://assets/models/parts/horns_dual.tscn,res://assets/models/parts/wings_dragon.tscn,res://assets/models/parts/tail_spike.tscn,15,1.17,1.17,1.17,102,54,53,31,47,33,0.84,1.12,0,412,30
313,イグニスホーンキング,【第2形態】イグニスホーンキング。古代より伝わるイグニスの力を宿すモンスター。,1,1,res://assets/models/bases/base_biped.tscn,res://assets/models/parts/horns_dual.tscn,,,0,1.17,1.17,1.17,101,56,50,36,38,29,0.83,1.03,1,413,30
314,シレーヌモグエンペラー,【第2形態】シレーヌモグエンペラー。古代より伝わるシレーヌの力を宿すモンスター。,2,2,res://assets/models/bases/base_biped.tscn,,,,1,1.21,1.21,1.21,98,69,43,33,44,33,1.05,0.98,2,414,30
315,トレントバードオメガ,【第2形態】トレントバードオメガ。古代より伝わるトレントの力を宿すモンスター。,3,0,res://assets/models/bases/base_floating.tscn,,res://assets/models/parts/wings_angel.tscn,,10,1.18,1.18,1.18,113,54,39,42,41,33,0.93,0.86,3,415,30
316,ジゴワットグリフプライム,【第2形態】ジゴワットグリフプライム。古代より伝わるジゴワットの力を宿すモンスター。,4,1,res://assets/models/bases/base_floating.tscn,,res://assets/models/parts/wings_angel.tscn,res://assets/models/parts/tail_spike.tscn,3,1.18,1.18,1.18,97,55,42,30,40,42,1.01,1.0,0,416,30
317,バサルトタイガース,【第2形態】バサルトタイガース。古代より伝わるバサルトの力を宿すモンスター。,5,2,res://assets/models/bases/base_quadruped.tscn,,,res://assets/models/parts/tail_spike.tscn,4,1.22,1.22,1.22,100,52,41,49,42,28,0.9,1.06,1,417,30
318,スカイガルル,【第2形態】スカイガルル。古代より伝わるスカイの力を宿すモンスター。,6,0,res://assets/models/bases/base_quadruped.tscn,res://assets/models/parts/horn_single.tscn,,res://assets/models/parts/tail_spike.tscn,13,1.17,1.17,1.17,96,57,47,32,42,41,0.95,1.07,2,418,30
319,ソレイユリッチドン,【第2形態】ソレイユリッチドン。古代より伝わるソレイユの力を宿すモンスター。,7,1,res://assets/models/bases/base_biped.tscn,res://assets/models/parts/crown.tscn,,,6,1.22,1.22,1.22,108,53,38,35,46,31,0.89,1.17,3,419,30
320,シャドウコブラゴン,【第2形態】シャドウコブラゴン。古代より伝わるシャドウの力を宿すモンスター。,8,2,res://assets/models/bases/base_biped.tscn,,,res://assets/models/parts/tail_spike.tscn,7,1.24,1.24,1.24,102,60,50,36,50,33,0.83,1.01,0,420,30
321,フレイムコロザー,【第2形態】フレイムコロザー。古代より伝わるフレイムの力を宿すモンスター。,1,0,res://assets/models/bases/base_biped.tscn,,,,8,1.21,1.21,1.21,100,53,52,31,39,29,1.01,0.96,1,421,30
322,アクアワイバーンキッド,【第2形態】アクアワイバーンキッド。古代より伝わるアクアの力を宿すモンスター。,2,1,res://assets/models/bases/base_floating.tscn,res://assets/models/parts/horns_dual.tscn,res://assets/models/parts/wings_dragon.tscn,res://assets/models/parts/tail_spike.tscn,1,1.21,1.21,1.21,106,63,42,36,45,27,0.9,1.17,2,422,30
323,リーフフォックスロード,【第2形態】リーフフォックスロード。古代より伝わるリーフの力を宿すモンスター。,3,2,res://assets/models/bases/base_quadruped.tscn,,,res://assets/models/parts/tail_spike.tscn,2,1.17,1.17,1.17,121,61,38,40,38,28,0.81,0.85,3,423,30
324,サンダータートルキング,【第2形態】サンダータートルキング。古代より伝わるサンダーの力を宿すモンスター。,4,0,res://assets/models/bases/base_quadruped.tscn,,,,11,1.16,1.16,1.16,103,57,42,32,41,41,1.1,1.15,0,424,30
325,ガイアナイトエンペラー,【第2形態】ガイアナイトエンペラー。古代より伝わるガイアの力を宿すモンスター。,5,1,res://assets/models/bases/base_biped.tscn,res://assets/models/parts/horn_single.tscn,,,4,1.22,1.22,1.22,97,52,43,48,40,35,0.83,1.08,1,425,30
326,ウインドクロウオメガ,【第2形態】ウインドクロウオメガ。古代より伝わるウインドの力を宿すモンスター。,6,2,res://assets/models/bases/base_biped.tscn,,res://assets/models/parts/wings_dragon.tscn,res://assets/models/parts/tail_spike.tscn,5,1.21,1.21,1.21,97,59,49,35,36,42,1.14,0.87,2,426,30
327,ホーリーノッコプライム,【第2形態】ホーリーノッコプライム。古代より伝わるホーリーの力を宿すモンスター。,7,0,res://assets/models/bases/base_biped.tscn,,,,14,1.17,1.17,1.17,108,53,39,37,46,27,1.14,0.8,3,427,30
328,ダークフェアリース,【第2形態】ダークフェアリース。古代より伝わるダークの力を宿すモンスター。,8,1,res://assets/models/bases/base_floating.tscn,,res://assets/models/parts/wings_angel.tscn,,7,1.16,1.16,1.16,101,58,48,32,44,35,1.12,1.09,0,428,30
329,マグマパピール,【第2形態】マグマパピール。古代より伝わるマグマの力を宿すモンスター。,1,2,res://assets/models/bases/base_quadruped.tscn,,,res://assets/models/parts/tail_spike.tscn,0,1.21,1.21,1.21,99,57,51,36,41,31,1.13,1.03,1,429,30
330,マリンケルベドン,【第2形態】マリンケルベドン。古代より伝わるマリンの力を宿すモンスター。,2,0,res://assets/models/bases/base_quadruped.tscn,res://assets/models/parts/horns_dual.tscn,,res://assets/models/parts/tail_spike.tscn,9,1.17,1.17,1.17,106,62,40,33,42,33,0.83,0.99,2,430,30
331,フォレストドラコゴン,【第2形態】フォレストドラコゴン。古代より伝わるフォレストの力を宿すモンスター。,3,1,res://assets/models/bases/base_biped.tscn,res://assets/models/parts/horns_dual.tscn,res://assets/models/parts/wings_dragon.tscn,res://assets/models/parts/tail_spike.tscn,2,1.18,1.18,1.18,116,57,39,43,36,32,0.88,1.03,3,431,30
332,ボルトホーンザー,【第2形態】ボルトホーンザー。古代より伝わるボルトの力を宿すモンスター。,4,2,res://assets/models/bases/base_biped.tscn,res://assets/models/parts/horns_dual.tscn,,,3,1.18,1.18,1.18,105,55,45,35,43,42,1.09,1.02,0,432,30
333,ゴーレムモグキッド,【第2形態】ゴーレムモグキッド。古代より伝わるゴーレムの力を宿すモンスター。,5,0,res://assets/models/bases/base_biped.tscn,,,,12,1.22,1.22,1.22,98,52,44,42,39,35,0.94,1.14,1,433,30
334,ゲイルバードロード,【第2形態】ゲイルバードロード。古代より伝わるゲイルの力を宿すモンスター。,6,1,res://assets/models/bases/base_floating.tscn,,res://assets/models/parts/wings_angel.tscn,,5,1.23,1.23,1.23,101,52,48,34,37,38,1.01,0.9,2,434,30
335,シャイングリフキング,【第2形態】シャイングリフキング。古代より伝わるシャインの力を宿すモンスター。,7,2,res://assets/models/bases/base_floating.tscn,,res://assets/models/parts/wings_angel.tscn,res://assets/models/parts/tail_spike.tscn,6,1.2,1.2,1.2,96,54,42,35,46,30,1.16,1.01,3,435,30
336,カオスベアエンペラー,【第2形態】カオスベアエンペラー。古代より伝わるカオスの力を宿すモンスター。,8,0,res://assets/models/bases/base_quadruped.tscn,,,,15,1.22,1.22,1.22,101,59,47,31,46,33,0.83,1.03,0,436,30
337,バーンモコオメガ,【第2形態】バーンモコオメガ。古代より伝わるバーンの力を宿すモンスター。,1,1,res://assets/models/bases/base_quadruped.tscn,,,,0,1.19,1.19,1.19,98,55,52,34,41,33,1.08,1.09,1,437,30
338,ハイドロゴブプライム,【第2形態】ハイドロゴブプライム。古代より伝わるハイドロの力を宿すモンスター。,2,2,res://assets/models/bases/base_biped.tscn,res://assets/models/parts/horn_single.tscn,,,1,1.19,1.19,1.19,100,65,39,33,44,28,0.86,0.87,2,438,30
339,シルフダイナス,【第2形態】シルフダイナス。古代より伝わるシルフの力を宿すモンスター。,3,0,res://assets/models/bases/base_biped.tscn,res://assets/models/parts/horns_dual.tscn,,res://assets/models/parts/tail_spike.tscn,10,1.2,1.2,1.2,118,53,43,39,43,31,0.99,1.14,3,439,30
340,ライトニバットル,【第2形態】ライトニバットル。古代より伝わるライトニの力を宿すモンスター。,4,1,res://assets/models/bases/base_floating.tscn,,res://assets/models/parts/wings_dragon.tscn,,3,1.17,1.17,1.17,108,56,38,33,41,41,0.84,0.9,0,440,30
341,アースペガサスドン,【第2形態】アースペガサスドン。古代より伝わるアースの力を宿すモンスター。,5,2,res://assets/models/bases/base_floating.tscn,res://assets/models/parts/horn_single.tscn,res://assets/models/parts/wings_angel.tscn,res://assets/models/parts/tail_spike.tscn,4,1.19,1.19,1.19,104,52,42,46,38,27,1.18,1.14,1,441,30
342,エアロビーストゴン,【第2形態】エアロビーストゴン。古代より伝わるエアロの力を宿すモンスター。,6,0,res://assets/models/bases/base_quadruped.tscn,res://assets/models/parts/horns_dual.tscn,,res://assets/models/parts/tail_spike.tscn,13,1.2,1.2,1.2,104,55,43,37,37,37,0.85,0.82,2,442,30
343,ルミナスタートルザー,【第2形態】ルミナスタートルザー。古代より伝わるルミナスの力を宿すモンスター。,7,1,res://assets/models/bases/base_quadruped.tscn,,,,6,1.22,1.22,1.22,99,54,41,40,51,28,1.03,0.9,3,443,30
344,ネクロナイトキッド,【第2形態】ネクロナイトキッド。古代より伝わるネクロの力を宿すモンスター。,8,2,res://assets/models/bases/base_biped.tscn,res://assets/models/parts/horn_single.tscn,,,7,1.23,1.23,1.23,96,53,49,37,46,28,1.16,1.13,0,444,30
345,サラマンクロウロード,【第2形態】サラマンクロウロード。古代より伝わるサラマンの力を宿すモンスター。,1,0,res://assets/models/bases/base_biped.tscn,,res://assets/models/parts/wings_dragon.tscn,res://assets/models/parts/tail_spike.tscn,8,1.19,1.19,1.19,96,59,48,32,42,33,1.0,0.95,1,445,30
346,リヴァイノッコキング,【第2形態】リヴァイノッコキング。古代より伝わるリヴァイの力を宿すモンスター。,2,1,res://assets/models/bases/base_biped.tscn,,,,1,1.19,1.19,1.19,101,65,40,34,46,34,1.15,0.81,2,446,30
347,ウッドフェアリーエンペラー,【第2形態】ウッドフェアリーエンペラー。古代より伝わるウッドの力を宿すモンスター。,3,2,res://assets/models/bases/base_floating.tscn,,res://assets/models/parts/wings_angel.tscn,,2,1.21,1.21,1.21,115,56,45,42,43,27,0.84,0.95,3,447,30
348,スパークフォックスオメガ,【第2形態】スパークフォックスオメガ。古代より伝わるスパークの力を宿すモンスター。,4,0,res://assets/models/bases/base_quadruped.tscn,,,res://assets/models/parts/tail_spike.tscn,11,1.19,1.19,1.19,106,60,41,30,42,44,0.99,1.11,0,448,30
349,クエイクキマイラプライム,【第2形態】クエイクキマイラプライム。古代より伝わるクエイクの力を宿すモンスター。,5,1,res://assets/models/bases/base_quadruped.tscn,res://assets/models/parts/horns_dual.tscn,res://assets/models/parts/wings_dragon.tscn,res://assets/models/parts/tail_spike.tscn,4,1.19,1.19,1.19,105,60,43,48,40,29,0.81,1.04,1,449,30
350,ストームレクスス,【第2形態】ストームレクスス。古代より伝わるストームの力を宿すモンスター。,6,2,res://assets/models/bases/base_biped.tscn,res://assets/models/parts/horns_dual.tscn,,res://assets/models/parts/tail_spike.tscn,5,1.16,1.16,1.16,108,56,42,37,41,38,1.19,0.84,2,450,30
351,セラフファングル,【第2形態】セラフファングル。古代より伝わるセラフの力を宿すモンスター。,7,0,res://assets/models/bases/base_biped.tscn,,,res://assets/models/parts/tail_spike.tscn,14,1.21,1.21,1.21,100,60,38,37,52,32,1.17,1.2,3,451,30
352,アビスタモドン,【第2形態】アビスタモドン。古代より伝わるアビスの力を宿すモンスター。,8,1,res://assets/models/bases/base_biped.tscn,res://assets/models/parts/crown.tscn,,,7,1.17,1.17,1.17,99,61,51,35,44,32,1.18,1.03,0,452,30
353,クリムゾンピクシーゴン,【第2形態】クリムゾンピクシーゴン。古代より伝わるクリムゾンの力を宿すモンスター。,1,2,res://assets/models/bases/base_floating.tscn,res://assets/models/parts/crown.tscn,res://assets/models/parts/wings_angel.tscn,,0,1.21,1.21,1.21,99,59,52,32,43,27,0.84,0.89,1,453,30
354,タイダルポロンザー,【第2形態】タイダルポロンザー。古代より伝わるタイダルの力を宿すモンスター。,2,0,res://assets/models/bases/base_floating.tscn,,,,9,1.18,1.18,1.18,104,69,38,35,45,29,0.94,0.87,2,454,30
355,ブルームベアキッド,【第2形態】ブルームベアキッド。古代より伝わるブルームの力を宿すモンスター。,3,1,res://assets/models/bases/base_quadruped.tscn,,,,2,1.22,1.22,1.22,117,52,38,38,38,28,1.14,1.14,3,455,30
356,エレクトラモコロード,【第2形態】エレクトラモコロード。古代より伝わるエレクトラの力を宿すモンスター。,4,2,res://assets/models/bases/base_quadruped.tscn,,,,3,1.24,1.24,1.24,101,58,39,35,40,44,0.85,0.86,0,456,30
357,グランゴブキング,【第2形態】グランゴブキング。古代より伝わるグランの力を宿すモンスター。,5,0,res://assets/models/bases/base_biped.tscn,res://assets/models/parts/horn_single.tscn,,,12,1.24,1.24,1.24,108,59,43,44,41,30,1.07,1.13,1,457,30
358,ゼファーダイナエンペラー,【第2形態】ゼファーダイナエンペラー。古代より伝わるゼファーの力を宿すモンスター。,6,1,res://assets/models/bases/base_biped.tscn,res://assets/models/parts/horns_dual.tscn,,res://assets/models/parts/tail_spike.tscn,5,1.19,1.19,1.19,107,56,44,32,36,41,1.14,1.11,2,458,30
359,オーラバットオメガ,【第2形態】オーラバットオメガ。古代より伝わるオーラの力を宿すモンスター。,7,2,res://assets/models/bases/base_floating.tscn,,res://assets/models/parts/wings_dragon.tscn,,6,1.21,1.21,1.21,98,61,43,37,47,34,0.86,1.1,3,459,30
360,ファントムグリフプライム,【第2形態】ファントムグリフプライム。古代より伝わるファントムの力を宿すモンスター。,8,0,res://assets/models/bases/base_floating.tscn,,res://assets/models/parts/wings_angel.tscn,res://assets/models/parts/tail_spike.tscn,15,1.18,1.18,1.18,101,54,47,35,51,27,0.91,0.9,0,460,30
361,ヴォルカタイガース,【第2形態】ヴォルカタイガース。古代より伝わるヴォルカの力を宿すモンスター。,1,1,res://assets/models/bases/base_quadruped.tscn,,,res://assets/models/parts/tail_spike.tscn,0,1.17,1.17,1.17,100,53,48,30,42,34,1.09,1.19,1,461,30
362,オーシャンガルル,【第2形態】オーシャンガルル。古代より伝わるオーシャンの力を宿すモンスター。,2,2,res://assets/models/bases/base_quadruped.tscn,res://assets/models/parts/horn_single.tscn,,res://assets/models/parts/tail_spike.tscn,1,1.23,1.23,1.23,103,68,43,36,43,34,1.12,1.03,2,462,30
363,ドリアードリッチドン,【第2形態】ドリアードリッチドン。古代より伝わるドリアードの力を宿すモンスター。,3,0,res://assets/models/bases/base_biped.tscn,res://assets/models/parts/crown.tscn,,,10,1.22,1.22,1.22,115,54,45,37,36,31,0.81,0.9,3,463,30
364,ライデンコブラゴン,【第2形態】ライデンコブラゴン。古代より伝わるライデンの力を宿すモンスター。,4,1,res://assets/models/bases/base_biped.tscn,,,res://assets/models/parts/tail_spike.tscn,3,1.17,1.17,1.17,101,54,44,32,37,47,1.18,1.19,0,464,30
365,ストーンコロザー,【第2形態】ストーンコロザー。古代より伝わるストーンの力を宿すモンスター。,5,2,res://assets/models/bases/base_biped.tscn,,,,4,1.19,1.19,1.19,105,59,38,48,38,33,0.86,0.84,1,465,30
366,テンペストワイバーンキッド,【第2形態】テンペストワイバーンキッド。古代より伝わるテンペストの力を宿すモンスター。,6,0,res://assets/models/bases/base_floating.tscn,res://assets/models/parts/horns_dual.tscn,res://assets/models/parts/wings_dragon.tscn,res://assets/models/parts/tail_spike.tscn,13,1.18,1.18,1.18,99,58,46,34,40,38,0.84,0.96,2,466,30
367,グローリーフォックスロード,【第2形態】グローリーフォックスロード。古代より伝わるグローリーの力を宿すモンスター。,7,1,res://assets/models/bases/base_quadruped.tscn,,,res://assets/models/parts/tail_spike.tscn,6,1.2,1.2,1.2,103,54,38,39,46,33,0.84,1.13,3,467,30
368,ノワールキマイラキング,【第2形態】ノワールキマイラキング。古代より伝わるノワールの力を宿すモンスター。,8,2,res://assets/models/bases/base_quadruped.tscn,res://assets/models/parts/horns_dual.tscn,res://assets/models/parts/wings_dragon.tscn,res://assets/models/parts/tail_spike.tscn,7,1.21,1.21,1.21,103,55,47,30,47,29,1.06,1.19,0,468,30
369,ヒートレクスエンペラー,【第2形態】ヒートレクスエンペラー。古代より伝わるヒートの力を宿すモンスター。,1,0,res://assets/models/bases/base_biped.tscn,res://assets/models/parts/horns_dual.tscn,,res://assets/models/parts/tail_spike.tscn,8,1.2,1.2,1.2,97,56,54,37,43,31,0.84,1.02,1,469,30
370,フロストファングオメガ,【第2形態】フロストファングオメガ。古代より伝わるフロストの力を宿すモンスター。,2,1,res://assets/models/bases/base_biped.tscn,,,res://assets/models/parts/tail_spike.tscn,1,1.17,1.17,1.17,102,67,40,37,42,31,0.98,0.91,2,470,30
371,モスタモプライム,【第2形態】モスタモプライム。古代より伝わるモスの力を宿すモンスター。,3,2,res://assets/models/bases/base_biped.tscn,res://assets/models/parts/crown.tscn,,,2,1.23,1.23,1.23,121,52,40,37,37,32,1.12,0.97,3,471,30
372,プラズマフェアリース,【第2形態】プラズマフェアリース。古代より伝わるプラズマの力を宿すモンスター。,4,0,res://assets/models/bases/base_floating.tscn,,res://assets/models/parts/wings_angel.tscn,,11,1.22,1.22,1.22,99,60,38,36,42,47,1.07,1.17,0,472,30
373,テラパピール,【第2形態】テラパピール。古代より伝わるテラの力を宿すモンスター。,5,1,res://assets/models/bases/base_quadruped.tscn,,,res://assets/models/parts/tail_spike.tscn,4,1.21,1.21,1.21,99,59,42,43,42,27,1.0,1.16,1,473,30
374,ファルコンケルベドン,【第2形態】ファルコンケルベドン。古代より伝わるファルコンの力を宿すモンスター。,6,2,res://assets/models/bases/base_quadruped.tscn,res://assets/models/parts/horns_dual.tscn,,res://assets/models/parts/tail_spike.tscn,5,1.22,1.22,1.22,106,61,44,31,43,37,1.18,0.87,2,474,30
375,セレスドラコゴン,【第2形態】セレスドラコゴン。古代より伝わるセレスの力を宿すモンスター。,7,0,res://assets/models/bases/base_biped.tscn,res://assets/models/parts/horns_dual.tscn,res://assets/models/parts/wings_dragon.tscn,res://assets/models/parts/tail_spike.tscn,14,1.18,1.18,1.18,99,54,38,40,47,33,0.88,1.13,3,475,30
376,ドゥームホーンザー,【第2形態】ドゥームホーンザー。古代より伝わるドゥームの力を宿すモンスター。,8,1,res://assets/models/bases/base_biped.tscn,res://assets/models/parts/horns_dual.tscn,,,7,1.17,1.17,1.17,105,56,51,31,45,33,1.02,1.02,0,476,30
377,イグニスモグキッド,【第2形態】イグニスモグキッド。古代より伝わるイグニスの力を宿すモンスター。,1,2,res://assets/models/bases/base_biped.tscn,,,,0,1.23,1.23,1.23,104,59,48,36,37,33,0.86,1.03,1,477,30
378,シレーヌバードロード,【第2形態】シレーヌバードロード。古代より伝わるシレーヌの力を宿すモンスター。,2,0,res://assets/models/bases/base_floating.tscn,,res://assets/models/parts/wings_angel.tscn,,9,1.21,1.21,1.21,97,63,39,34,47,33,0.91,1.06,2,478,30
379,トレントグリフキング,【第2形態】トレントグリフキング。古代より伝わるトレントの力を宿すモンスター。,3,1,res://assets/models/bases/base_floating.tscn,,res://assets/models/parts/wings_angel.tscn,res://assets/models/parts/tail_spike.tscn,2,1.21,1.21,1.21,119,52,40,40,42,29,1.05,1.07,3,479,30
380,ジゴワットタイガーエンペラー,【第2形態】ジゴワットタイガーエンペラー。古代より伝わるジゴワットの力を宿すモンスター。,4,2,res://assets/models/bases/base_quadruped.tscn,,,res://assets/models/parts/tail_spike.tscn,3,1.19,1.19,1.19,102,57,41,30,43,43,1.16,0.81,0,480,30
381,バサルトガルオメガ,【第2形態】バサルトガルオメガ。古代より伝わるバサルトの力を宿すモンスター。,5,0,res://assets/models/bases/base_quadruped.tscn,res://assets/models/parts/horn_single.tscn,,res://assets/models/parts/tail_spike.tscn,12,1.23,1.23,1.23,100,56,42,49,37,30,0.85,1.19,1,481,30
382,スカイリッチプライム,【第2形態】スカイリッチプライム。古代より伝わるスカイの力を宿すモンスター。,6,1,res://assets/models/bases/base_biped.tscn,res://assets/models/parts/crown.tscn,,,5,1.2,1.2,1.2,101,56,48,31,39,42,0.88,1.13,2,482,30
383,ソレイユコブラス,【第2形態】ソレイユコブラス。古代より伝わるソレイユの力を宿すモンスター。,7,2,res://assets/models/bases/base_biped.tscn,,,res://assets/models/parts/tail_spike.tscn,6,1.22,1.22,1.22,108,60,43,34,48,28,0.92,1.0,3,483,30
384,シャドウバットル,【第2形態】シャドウバットル。古代より伝わるシャドウの力を宿すモンスター。,8,0,res://assets/models/bases/base_floating.tscn,,res://assets/models/parts/wings_dragon.tscn,,15,1.17,1.17,1.17,104,61,46,32,47,30,1.13,0.9,0,484,30
385,フレイムペガサスドン,【第2形態】フレイムペガサスドン。古代より伝わるフレイムの力を宿すモンスター。,1,1,res://assets/models/bases/base_floating.tscn,res://assets/models/parts/horn_single.tscn,res://assets/models/parts/wings_angel.tscn,res://assets/models/parts/tail_spike.tscn,0,1.2,1.2,1.2,101,55,52,35,43,35,0.96,1.17,1,485,30
386,アクアビーストゴン,【第2形態】アクアビーストゴン。古代より伝わるアクアの力を宿すモンスター。,2,2,res://assets/models/bases/base_quadruped.tscn,res://assets/models/parts/horns_dual.tscn,,res://assets/models/parts/tail_spike.tscn,1,1.21,1.21,1.21,99,67,45,37,44,34,1.03,0.94,2,486,30
387,リーフタートルザー,【第2形態】リーフタートルザー。古代より伝わるリーフの力を宿すモンスター。,3,0,res://assets/models/bases/base_quadruped.tscn,,,,10,1.17,1.17,1.17,116,53,42,36,42,27,0.87,1.03,3,487,30
388,サンダーナイトキッド,【第2形態】サンダーナイトキッド。古代より伝わるサンダーの力を宿すモンスター。,4,1,res://assets/models/bases/base_biped.tscn,res://assets/models/parts/horn_single.tscn,,,3,1.24,1.24,1.24,99,55,41,34,42,47,0.81,1.11,0,488,30
389,ガイアクロウロード,【第2形態】ガイアクロウロード。古代より伝わるガイアの力を宿すモンスター。,5,2,res://assets/models/bases/base_biped.tscn,,res://assets/models/parts/wings_dragon.tscn,res://assets/models/parts/tail_spike.tscn,4,1.22,1.22,1.22,96,59,40,44,36,30,0.9,1.12,1,489,30
390,ウインドノッコキング,【第2形態】ウインドノッコキング。古代より伝わるウインドの力を宿すモンスター。,6,0,res://assets/models/bases/base_biped.tscn,,,,13,1.18,1.18,1.18,107,56,48,36,41,42,0.9,0.99,2,490,30
391,ホーリーフェアリーエンペラー,【第2形態】ホーリーフェアリーエンペラー。古代より伝わるホーリーの力を宿すモンスター。,7,1,res://assets/models/bases/base_floating.tscn,,res://assets/models/parts/wings_angel.tscn,,6,1.21,1.21,1.21,105,58,39,34,51,35,1.06,1.04,3,491,30
392,ダークパピーオメガ,【第2形態】ダークパピーオメガ。古代より伝わるダークの力を宿すモンスター。,8,2,res://assets/models/bases/base_quadruped.tscn,,,res://assets/models/parts/tail_spike.tscn,7,1.18,1.18,1.18,97,59,47,35,48,32,1.14,0.9,0,492,30
393,マグマケルベプライム,【第2形態】マグマケルベプライム。古代より伝わるマグマの力を宿すモンスター。,1,0,res://assets/models/bases/base_quadruped.tscn,res://assets/models/parts/horns_dual.tscn,,res://assets/models/parts/tail_spike.tscn,8,1.22,1.22,1.22,106,56,51,32,39,27,1.12,1.12,1,493,30
394,マリンドラコス,【第2形態】マリンドラコス。古代より伝わるマリンの力を宿すモンスター。,2,1,res://assets/models/bases/base_biped.tscn,res://assets/models/parts/horns_dual.tscn,res://assets/models/parts/wings_dragon.tscn,res://assets/models/parts/tail_spike.tscn,1,1.21,1.21,1.21,106,67,40,30,49,31,0.9,0.97,2,494,30
395,フォレストホーンル,【第2形態】フォレストホーンル。古代より伝わるフォレストの力を宿すモンスター。,3,2,res://assets/models/bases/base_biped.tscn,res://assets/models/parts/horns_dual.tscn,,,2,1.19,1.19,1.19,112,61,41,41,39,35,1.06,0.99,3,495,30
396,ボルトタモドン,【第2形態】ボルトタモドン。古代より伝わるボルトの力を宿すモンスター。,4,0,res://assets/models/bases/base_biped.tscn,res://assets/models/parts/crown.tscn,,,11,1.24,1.24,1.24,101,60,42,32,38,43,0.84,0.85,0,496,30
397,ゴーレムピクシーゴン,【第2形態】ゴーレムピクシーゴン。古代より伝わるゴーレムの力を宿すモンスター。,5,1,res://assets/models/bases/base_floating.tscn,res://assets/models/parts/crown.tscn,res://assets/models/parts/wings_angel.tscn,,4,1.18,1.18,1.18,108,60,40,47,37,30,0.94,1.1,1,497,30
398,ゲイルポロンザー,【第2形態】ゲイルポロンザー。古代より伝わるゲイルの力を宿すモンスター。,6,2,res://assets/models/bases/base_floating.tscn,,,,5,1.18,1.18,1.18,108,57,47,34,40,42,1.14,0.99,2,498,30
399,シャインベアキッド,【第2形態】シャインベアキッド。古代より伝わるシャインの力を宿すモンスター。,7,0,res://assets/models/bases/base_quadruped.tscn,,,,14,1.23,1.23,1.23,105,61,39,41,49,35,0.85,1.07,3,499,30
400,カオスモコロード,【第2形態】カオスモコロード。古代より伝わるカオスの力を宿すモンスター。,8,1,res://assets/models/bases/base_quadruped.tscn,,,,7,1.2,1.2,1.2,102,52,48,32,47,32,0.96,1.03,0,500,30
401,バーンゴブエンペラー,【第3形態】バーンゴブエンペラー。古代より伝わるバーンの力を宿すモンスター。,1,2,res://assets/models/bases/base_biped.tscn,res://assets/models/parts/horn_single.tscn,res://assets/models/parts/wings_dragon.tscn,res://assets/models/parts/tail_spike.tscn,0,1.43,1.43,1.43,138,74,73,44,51,44,0.93,1.19,1,,0
402,ハイドロダイナオメガ,【第3形態】ハイドロダイナオメガ。古代より伝わるハイドロの力を宿すモンスター。,2,0,res://assets/models/bases/base_biped.tscn,res://assets/models/parts/horns_dual.tscn,res://assets/models/parts/wings_angel.tscn,res://assets/models/parts/tail_spike.tscn,9,1.39,1.39,1.39,131,87,60,46,62,39,1.03,0.86,2,,0
403,シルフバットプライム,【第3形態】シルフバットプライム。古代より伝わるシルフの力を宿すモンスター。,3,1,res://assets/models/bases/base_floating.tscn,res://assets/models/parts/horns_dual.tscn,res://assets/models/parts/wings_dragon.tscn,,2,1.42,1.42,1.42,167,73,55,57,56,43,0.97,0.99,3,,0
404,ライトニペガサスス,【第3形態】ライトニペガサスス。古代より伝わるライトニの力を宿すモンスター。,4,2,res://assets/models/bases/base_floating.tscn,res://assets/models/parts/horn_single.tscn,res://assets/models/parts/wings_angel.tscn,res://assets/models/parts/tail_spike.tscn,3,1.36,1.36,1.36,139,75,58,42,55,63,0.88,1.07,0,,0
405,アースビーストル,【第3形態】アースビーストル。古代より伝わるアースの力を宿すモンスター。,5,0,res://assets/models/bases/base_quadruped.tscn,res://assets/models/parts/horns_dual.tscn,,res://assets/models/parts/tail_spike.tscn,12,1.41,1.41,1.41,134,75,58,64,52,38,0.95,1.04,1,,0
406,エアロタートルドン,【第3形態】エアロタートルドン。古代より伝わるエアロの力を宿すモンスター。,6,1,res://assets/models/bases/base_quadruped.tscn,res://assets/models/parts/crown.tscn,,res://assets/models/parts/tail_spike.tscn,5,1.37,1.37,1.37,131,76,63,49,55,55,1.16,1.2,2,,0
407,ルミナスナイトゴン,【第3形態】ルミナスナイトゴン。古代より伝わるルミナスの力を宿すモンスター。,7,2,res://assets/models/bases/base_biped.tscn,res://assets/models/parts/horn_single.tscn,res://assets/models/parts/wings_angel.tscn,res://assets/models/parts/tail_spike.tscn,6,1.39,1.39,1.39,138,77,56,50,71,37,0.89,1.09,3,,0
408,ネクロコブラザー,【第3形態】ネクロコブラザー。古代より伝わるネクロの力を宿すモンスター。,8,0,res://assets/models/bases/base_biped.tscn,res://assets/models/parts/crown.tscn,res://assets/models/parts/wings_dragon.tscn,res://assets/models/parts/tail_spike.tscn,15,1.37,1.37,1.37,142,72,67,43,67,37,0.95,1.06,0,,0
409,サラマンコロキッド,【第3形態】サラマンコロキッド。古代より伝わるサラマンの力を宿すモンスター。,1,1,res://assets/models/bases/base_biped.tscn,res://assets/models/parts/horns_dual.tscn,res://assets/models/parts/wings_dragon.tscn,res://assets/models/parts/tail_spike.tscn,0,1.42,1.42,1.42,140,72,68,43,50,37,1.08,0.97,1,,0
410,リヴァイワイバーンロード,【第3形態】リヴァイワイバーンロード。古代より伝わるリヴァイの力を宿すモンスター。,2,2,res://assets/models/bases/base_floating.tscn,res://assets/models/parts/horns_dual.tscn,res://assets/models/parts/wings_dragon.tscn,res://assets/models/parts/tail_spike.tscn,1,1.39,1.39,1.39,139,91,60,44,62,37,0.92,1.06,2,,0
411,ウッドフォックスキング,【第3形態】ウッドフォックスキング。古代より伝わるウッドの力を宿すモンスター。,3,0,res://assets/models/bases/base_quadruped.tscn,res://assets/models/parts/horns_dual.tscn,,res://assets/models/parts/tail_spike.tscn,10,1.41,1.41,1.41,159,81,55,57,51,45,1.09,0.85,3,,0
412,スパークキマイラエンペラー,【第3形態】スパークキマイラエンペラー。古代より伝わるスパークの力を宿すモンスター。,4,1,res://assets/models/bases/base_quadruped.tscn,res://assets/models/parts/horns_dual.tscn,res://assets/models/parts/wings_dragon.tscn,res://assets/models/parts/tail_spike.tscn,3,1.37,1.37,1.37,132,79,56,45,54,63,1.19,0.94,0,,0
413,クエイクレクスオメガ,【第3形態】クエイクレクスオメガ。古代より伝わるクエイクの力を宿すモンスター。,5,2,res://assets/models/bases/base_biped.tscn,res://assets/models/parts/horns_dual.tscn,res://assets/models/parts/wings_angel.tscn,res://assets/models/parts/tail_spike.tscn,4,1.39,1.39,1.39,133,72,60,63,57,42,0.89,0.81,1,,0
414,ストームファングプライム,【第3形態】ストームファングプライム。古代より伝わるストームの力を宿すモンスター。,6,0,res://assets/models/bases/base_biped.tscn,res://assets/models/parts/crown.tscn,res://assets/models/parts/wings_angel.tscn,res://assets/models/parts/tail_spike.tscn,13,1.37,1.37,1.37,132,81,66,44,51,57,0.83,1.09,2,,0
415,セラフタモス,【第3形態】セラフタモス。古代より伝わるセラフの力を宿すモンスター。,7,1,res://assets/models/bases/base_biped.tscn,res://assets/models/parts/crown.tscn,res://assets/models/parts/wings_angel.tscn,res://assets/models/parts/tail_spike.tscn,6,1.43,1.43,1.43,141,75,60,52,69,44,0.82,1.13,3,,0
416,アビスピクシール,【第3形態】アビスピクシール。古代より伝わるアビスの力を宿すモンスター。,8,2,res://assets/models/bases/base_floating.tscn,res://assets/models/parts/crown.tscn,res://assets/models/parts/wings_angel.tscn,,7,1.43,1.43,1.43,135,77,70,48,63,38,1.14,1.16,0,,0
417,クリムゾンポロンドン,【第3形態】クリムゾンポロンドン。古代より伝わるクリムゾンの力を宿すモンスター。,1,0,res://assets/models/bases/base_floating.tscn,res://assets/models/parts/horns_dual.tscn,res://assets/models/parts/wings_dragon.tscn,,8,1.36,1.36,1.36,133,74,73,47,57,41,1.15,0.84,1,,0
418,タイダルベアゴン,【第3形態】タイダルベアゴン。古代より伝わるタイダルの力を宿すモンスター。,2,1,res://assets/models/bases/base_quadruped.tscn,res://assets/models/parts/crown.tscn,,res://assets/models/parts/tail_spike.tscn,1,1.43,1.43,1.43,133,88,59,48,66,41,1.13,1.08,2,,0
419,ブルームモコザー,【第3形態】ブルームモコザー。古代より伝わるブルームの力を宿すモンスター。,3,2,res://assets/models/bases/base_quadruped.tscn,res://assets/models/parts/horns_dual.tscn,,res://assets/models/parts/tail_spike.tscn,2,1.4,1.4,1.4,161,74,54,53,50,39,0.84,1.16,3,,0
420,エレクトラホーンキッド,【第3形態】エレクトラホーンキッド。古代より伝わるエレクトラの力を宿すモンスター。,4,0,res://assets/models/bases/base_biped.tscn,res://assets/models/parts/horns_dual.tscn,res://assets/models/parts/wings_dragon.tscn,res://assets/models/parts/tail_spike.tscn,11,1.4,1.4,1.4,140,79,55,48,55,55,1.15,1.15,0,,0
421,グランモグロード,【第3形態】グランモグロード。古代より伝わるグランの力を宿すモンスター。,5,1,res://assets/models/bases/base_biped.tscn,res://assets/models/parts/horns_dual.tscn,res://assets/models/parts/wings_angel.tscn,res://assets/models/parts/tail_spike.tscn,4,1.42,1.42,1.42,133,79,60,61,56,44,0.82,0.9,1,,0
422,ゼファーバードキング,【第3形態】ゼファーバードキング。古代より伝わるゼファーの力を宿すモンスター。,6,2,res://assets/models/bases/base_floating.tscn,res://assets/models/parts/crown.tscn,res://assets/models/parts/wings_angel.tscn,,5,1.39,1.39,1.39,142,80,62,47,51,55,1.06,0.9,2,,0
423,オーラグリフエンペラー,【第3形態】オーラグリフエンペラー。古代より伝わるオーラの力を宿すモンスター。,7,0,res://assets/models/bases/base_floating.tscn,res://assets/models/parts/horns_dual.tscn,res://assets/models/parts/wings_angel.tscn,res://assets/models/parts/tail_spike.tscn,14,1.39,1.39,1.39,141,78,55,48,65,39,1.0,0.99,3,,0
424,ファントムタイガーオメガ,【第3形態】ファントムタイガーオメガ。古代より伝わるファントムの力を宿すモンスター。,8,1,res://assets/models/bases/base_quadruped.tscn,res://assets/models/parts/crown.tscn,,res://assets/models/parts/tail_spike.tscn,7,1.4,1.4,1.4,133,73,72,47,65,42,1.19,0.82,0,,0
425,ヴォルカガルプライム,【第3形態】ヴォルカガルプライム。古代より伝わるヴォルカの力を宿すモンスター。,1,2,res://assets/models/bases/base_quadruped.tscn,res://assets/models/parts/horn_single.tscn,,res://assets/models/parts/tail_spike.tscn,0,1.38,1.38,1.38,141,78,74,45,51,44,0.98,1.03,1,,0
426,オーシャンリッチス,【第3形態】オーシャンリッチス。古代より伝わるオーシャンの力を宿すモンスター。,2,0,res://assets/models/bases/base_biped.tscn,res://assets/models/parts/crown.tscn,res://assets/models/parts/wings_angel.tscn,res://assets/models/parts/tail_spike.tscn,9,1.37,1.37,1.37,138,94,58,43,66,37,0.84,0.96,2,,0
427,ドリアードコブラル,【第3形態】ドリアードコブラル。古代より伝わるドリアードの力を宿すモンスター。,3,1,res://assets/models/bases/base_biped.tscn,res://assets/models/parts/horns_dual.tscn,res://assets/models/parts/wings_angel.tscn,res://assets/models/parts/tail_spike.tscn,2,1.4,1.4,1.4,155,73,57,54,57,42,0.95,0.82,3,,0
428,ライデンコロドン,【第3形態】ライデンコロドン。古代より伝わるライデンの力を宿すモンスター。,4,2,res://assets/models/bases/base_biped.tscn,res://assets/models/parts/crown.tscn,res://assets/models/parts/wings_dragon.tscn,res://assets/models/parts/tail_spike.tscn,3,1.38,1.38,1.38,138,77,60,47,57,56,0.84,1.06,0,,0
429,ストーンワイバーンゴン,【第3形態】ストーンワイバーンゴン。古代より伝わるストーンの力を宿すモンスター。,5,0,res://assets/models/bases/base_floating.tscn,res://assets/models/parts/horns_dual.tscn,res://assets/models/parts/wings_dragon.tscn,res://assets/models/parts/tail_spike.tscn,12,1.36,1.36,1.36,136,76,58,61,50,39,1.0,1.13,1,,0
430,テンペストフォックスザー,【第3形態】テンペストフォックスザー。古代より伝わるテンペストの力を宿すモンスター。,6,1,res://assets/models/bases/base_quadruped.tscn,res://assets/models/parts/crown.tscn,,res://assets/models/parts/tail_spike.tscn,5,1.42,1.42,1.42,137,73,63,45,53,50,1.17,0.96,2,,0
431,グローリーキマイラキッド,【第3形態】グローリーキマイラキッド。古代より伝わるグローリーの力を宿すモンスター。,7,2,res://assets/models/bases/base_quadruped.tscn,res://assets/models/parts/horns_dual.tscn,res://assets/models/parts/wings_dragon.tscn,res://assets/models/parts/tail_spike.tscn,6,1.4,1.4,1.4,143,75,58,49,71,37,1.17,1.13,3,,0
432,ノワールナイトロード,【第3形態】ノワールナイトロード。古代より伝わるノワールの力を宿すモンスター。,8,0,res://assets/models/bases/base_biped.tscn,res://assets/models/parts/horn_single.tscn,res://assets/models/parts/wings_dragon.tscn,res://assets/models/parts/tail_spike.tscn,15,1.41,1.41,1.41,143,79,72,44,69,37,1.01,0.82,0,,0
433,ヒートクロウキング,【第3形態】ヒートクロウキング。古代より伝わるヒートの力を宿すモンスター。,1,1,res://assets/models/bases/base_biped.tscn,res://assets/models/parts/horns_dual.tscn,res://assets/models/parts/wings_dragon.tscn,res://assets/models/parts/tail_spike.tscn,0,1.43,1.43,1.43,140,79,70,44,52,38,0.95,1.04,1,,0
434,フロストノッコエンペラー,【第3形態】フロストノッコエンペラー。古代より伝わるフロストの力を宿すモンスター。,2,2,res://assets/models/bases/base_biped.tscn,res://assets/models/parts/crown.tscn,res://assets/models/parts/wings_angel.tscn,res://assets/models/parts/tail_spike.tscn,1,1.43,1.43,1.43,139,93,59,45,63,43,1.19,1.19,2,,0
435,モスフェアリーオメガ,【第3形態】モスフェアリーオメガ。古代より伝わるモスの力を宿すモンスター。,3,0,res://assets/models/bases/base_floating.tscn,res://assets/models/parts/horns_dual.tscn,res://assets/models/parts/wings_angel.tscn,,10,1.4,1.4,1.4,157,74,59,55,55,45,1.05,0.88,3,,0
436,プラズマパピープライム,【第3形態】プラズマパピープライム。古代より伝わるプラズマの力を宿すモンスター。,4,1,res://assets/models/bases/base_quadruped.tscn,res://assets/models/parts/crown.tscn,,res://assets/models/parts/tail_spike.tscn,3,1.41,1.41,1.41,135,77,55,44,55,56,1.1,1.02,0,,0
437,テラケルベス,【第3形態】テラケルベス。古代より伝わるテラの力を宿すモンスター。,5,2,res://assets/models/bases/base_quadruped.tscn,res://assets/models/parts/horns_dual.tscn,,res://assets/models/parts/tail_spike.tscn,4,1.41,1.41,1.41,141,78,57,66,50,45,0.84,0.95,1,,0
438,ファルコンドラコル,【第3形態】ファルコンドラコル。古代より伝わるファルコンの力を宿すモンスター。,6,0,res://assets/models/bases/base_biped.tscn,res://assets/models/parts/horns_dual.tscn,res://assets/models/parts/wings_dragon.tscn,res://assets/models/parts/tail_spike.tscn,13,1.36,1.36,1.36,131,75,63,44,54,53,0.86,0.82,2,,0
439,セレスホーンドン,【第3形態】セレスホーンドン。古代より伝わるセレスの力を宿すモンスター。,7,1,res://assets/models/bases/base_biped.tscn,res://assets/models/parts/horns_dual.tscn,res://assets/models/parts/wings_angel.tscn,res://assets/models/parts/tail_spike.tscn,6,1.42,1.42,1.42,134,80,53,53,72,38,1.05,1.07,3,,0
440,ドゥームモグゴン,【第3形態】ドゥームモグゴン。古代より伝わるドゥームの力を宿すモンスター。,8,2,res://assets/models/bases/base_biped.tscn,res://assets/models/parts/crown.tscn,res://assets/models/parts/wings_dragon.tscn,res://assets/models/parts/tail_spike.tscn,7,1.4,1.4,1.4,134,80,71,45,66,37,1.17,0.96,0,,0
441,イグニスバードザー,【第3形態】イグニスバードザー。古代より伝わるイグニスの力を宿すモンスター。,1,0,res://assets/models/bases/base_floating.tscn,res://assets/models/parts/horns_dual.tscn,res://assets/models/parts/wings_angel.tscn,,8,1.44,1.44,1.44,141,77,68,42,54,40,1.05,1.11,1,,0
442,シレーヌグリフキッド,【第3形態】シレーヌグリフキッド。古代より伝わるシレーヌの力を宿すモンスター。,2,1,res://assets/models/bases/base_floating.tscn,res://assets/models/parts/crown.tscn,res://assets/models/parts/wings_angel.tscn,res://assets/models/parts/tail_spike.tscn,1,1.43,1.43,1.43,134,92,56,45,63,44,0.87,1.07,2,,0
443,トレントタイガーロード,【第3形態】トレントタイガーロード。古代より伝わるトレントの力を宿すモンスター。,3,2,res://assets/models/bases/base_quadruped.tscn,res://assets/models/parts/horns_dual.tscn,,res://assets/models/parts/tail_spike.tscn,2,1.37,1.37,1.37,157,80,54,57,50,43,0.91,0.91,3,,0
444,ジゴワットモコキング,【第3形態】ジゴワットモコキング。古代より伝わるジゴワットの力を宿すモンスター。,4,0,res://assets/models/bases/base_quadruped.tscn,res://assets/models/parts/crown.tscn,,res://assets/models/parts/tail_spike.tscn,11,1.37,1.37,1.37,135,72,58,49,52,55,0.86,0.93,0,,0
445,バサルトゴブエンペラー,【第3形態】バサルトゴブエンペラー。古代より伝わるバサルトの力を宿すモンスター。,5,1,res://assets/models/bases/base_biped.tscn,res://assets/models/parts/horn_single.tscn,res://assets/models/parts/wings_angel.tscn,res://assets/models/parts/tail_spike.tscn,4,1.36,1.36,1.36,141,81,57,67,55,38,1.11,0.93,1,,0
446,スカイダイナオメガ,【第3形態】スカイダイナオメガ。古代より伝わるスカイの力を宿すモンスター。,6,2,res://assets/models/bases/base_biped.tscn,res://assets/models/parts/horns_dual.tscn,res://assets/models/parts/wings_angel.tscn,res://assets/models/parts/tail_spike.tscn,5,1.38,1.38,1.38,133,80,60,44,56,57,1.01,0.84,2,,0
447,ソレイユバットプライム,【第3形態】ソレイユバットプライム。古代より伝わるソレイユの力を宿すモンスター。,7,0,res://assets/models/bases/base_floating.tscn,res://assets/models/parts/horns_dual.tscn,res://assets/models/parts/wings_dragon.tscn,,14,1.38,1.38,1.38,134,77,58,53,69,40,1.18,1.05,3,,0
448,シャドウペガサスス,【第3形態】シャドウペガサスス。古代より伝わるシャドウの力を宿すモンスター。,8,1,res://assets/models/bases/base_floating.tscn,res://assets/models/parts/horn_single.tscn,res://assets/models/parts/wings_angel.tscn,res://assets/models/parts/tail_spike.tscn,7,1.4,1.4,1.4,139,72,66,47,69,40,1.16,1.05,0,,0
449,フレイムビーストル,【第3形態】フレイムビーストル。古代より伝わるフレイムの力を宿すモンスター。,1,2,res://assets/models/bases/base_quadruped.tscn,res://assets/models/parts/horns_dual.tscn,,res://assets/models/parts/tail_spike.tscn,0,1.41,1.41,1.41,131,77,74,43,56,41,1.02,0.91,1,,0
450,アクアタートルドン,【第3形態】アクアタートルドン。古代より伝わるアクアの力を宿すモンスター。,2,0,res://assets/models/bases/base_quadruped.tscn,res://assets/models/parts/crown.tscn,,res://assets/models/parts/tail_spike.tscn,9,1.43,1.43,1.43,143,92,60,49,59,41,1.16,0.88,2,,0
451,リーフナイトゴン,【第3形態】リーフナイトゴン。古代より伝わるリーフの力を宿すモンスター。,3,1,res://assets/models/bases/base_biped.tscn,res://assets/models/parts/horn_single.tscn,res://assets/models/parts/wings_angel.tscn,res://assets/models/parts/tail_spike.tscn,2,1.4,1.4,1.4,156,74,53,52,53,40,1.15,0.97,3,,0
452,サンダークロウザー,【第3形態】サンダークロウザー。古代より伝わるサンダーの力を宿すモンスター。,4,2,res://assets/models/bases/base_biped.tscn,res://assets/models/parts/crown.tscn,res://assets/models/parts/wings_dragon.tscn,res://assets/models/parts/tail_spike.tscn,3,1.37,1.37,1.37,139,78,54,44,50,62,1.09,0.82,0,,0
453,ガイアノッコキッド,【第3形態】ガイアノッコキッド。古代より伝わるガイアの力を宿すモンスター。,5,0,res://assets/models/bases/base_biped.tscn,res://assets/models/parts/horns_dual.tscn,res://assets/models/parts/wings_angel.tscn,res://assets/models/parts/tail_spike.tscn,12,1.37,1.37,1.37,133,76,54,63,54,43,0.96,1.05,1,,0
454,ウインドフェアリーロード,【第3形態】ウインドフェアリーロード。古代より伝わるウインドの力を宿すモンスター。,6,1,res://assets/models/bases/base_floating.tscn,res://assets/models/parts/crown.tscn,res://assets/models/parts/wings_angel.tscn,,5,1.39,1.39,1.39,131,78,60,42,51,49,1.08,0.83,2,,0
455,ホーリーパピーキング,【第3形態】ホーリーパピーキング。古代より伝わるホーリーの力を宿すモンスター。,7,2,res://assets/models/bases/base_quadruped.tscn,res://assets/models/parts/horns_dual.tscn,,res://assets/models/parts/tail_spike.tscn,6,1.43,1.43,1.43,132,76,57,49,69,44,0.95,1.13,3,,0
456,ダークキマイラエンペラー,【第3形態】ダークキマイラエンペラー。古代より伝わるダークの力を宿すモンスター。,8,0,res://assets/models/bases/base_quadruped.tscn,res://assets/models/parts/horns_dual.tscn,res://assets/models/parts/wings_dragon.tscn,res://assets/models/parts/tail_spike.tscn,15,1.36,1.36,1.36,133,80,68,44,68,45,0.92,1.05,0,,0
457,マグマレクスオメガ,【第3形態】マグマレクスオメガ。古代より伝わるマグマの力を宿すモンスター。,1,1,res://assets/models/bases/base_biped.tscn,res://assets/models/parts/horns_dual.tscn,res://assets/models/parts/wings_dragon.tscn,res://assets/models/parts/tail_spike.tscn,0,1.38,1.38,1.38,143,77,68,44,51,37,0.8,1.04,1,,0
458,マリンファングプライム,【第3形態】マリンファングプライム。古代より伝わるマリンの力を宿すモンスター。,2,2,res://assets/models/bases/base_biped.tscn,res://assets/models/parts/crown.tscn,res://assets/models/parts/wings_angel.tscn,res://assets/models/parts/tail_spike.tscn,1,1.4,1.4,1.4,132,91,56,47,62,43,1.16,1.14,2,,0
459,フォレストタモス,【第3形態】フォレストタモス。古代より伝わるフォレストの力を宿すモンスター。,3,0,res://assets/models/bases/base_biped.tscn,res://assets/models/parts/crown.tscn,res://assets/models/parts/wings_angel.tscn,res://assets/models/parts/tail_spike.tscn,10,1.37,1.37,1.37,157,75,57,54,51,39,1.07,1.03,3,,0
460,ボルトピクシール,【第3形態】ボルトピクシール。古代より伝わるボルトの力を宿すモンスター。,4,1,res://assets/models/bases/base_floating.tscn,res://assets/models/parts/crown.tscn,res://assets/models/parts/wings_angel.tscn,,3,1.36,1.36,1.36,143,80,60,43,54,56,0.9,0.88,0,,0
461,ゴーレムポロンドン,【第3形態】ゴーレムポロンドン。古代より伝わるゴーレムの力を宿すモンスター。,5,2,res://assets/models/bases/base_floating.tscn,res://assets/models/parts/horns_dual.tscn,res://assets/models/parts/wings_angel.tscn,,4,1.41,1.41,1.41,136,77,55,63,51,41,1.05,1.16,1,,0
462,ゲイルベアゴン,【第3形態】ゲイルベアゴン。古代より伝わるゲイルの力を宿すモンスター。,6,0,res://assets/models/bases/base_quadruped.tscn,res://assets/models/parts/crown.tscn,,res://assets/models/parts/tail_spike.tscn,13,1.39,1.39,1.39,138,77,63,44,55,54,1.18,0.87,2,,0
463,シャインモコザー,【第3形態】シャインモコザー。古代より伝わるシャインの力を宿すモンスター。,7,1,res://assets/models/bases/base_quadruped.tscn,res://assets/models/parts/horns_dual.tscn,,res://assets/models/parts/tail_spike.tscn,6,1.39,1.39,1.39,143,75,59,52,70,39,1.07,0.93,3,,0
464,カオスゴブキッド,【第3形態】カオスゴブキッド。古代より伝わるカオスの力を宿すモンスター。,8,2,res://assets/models/bases/base_biped.tscn,res://assets/models/parts/horn_single.tscn,res://assets/models/parts/wings_dragon.tscn,res://assets/models/parts/tail_spike.tscn,7,1.4,1.4,1.4,138,77,69,49,63,39,1.06,0.83,0,,0
465,バーンダイナロード,【第3形態】バーンダイナロード。古代より伝わるバーンの力を宿すモンスター。,1,0,res://assets/models/bases/base_biped.tscn,res://assets/models/parts/horns_dual.tscn,res://assets/models/parts/wings_dragon.tscn,res://assets/models/parts/tail_spike.tscn,8,1.38,1.38,1.38,133,80,71,46,51,38,1.16,1.14,1,,0
466,ハイドロバットキング,【第3形態】ハイドロバットキング。古代より伝わるハイドロの力を宿すモンスター。,2,1,res://assets/models/bases/base_floating.tscn,res://assets/models/parts/crown.tscn,res://assets/models/parts/wings_dragon.tscn,,1,1.41,1.41,1.41,140,96,59,45,59,45,0.9,1.16,2,,0
467,シルフペガサスエンペラー,【第3形態】シルフペガサスエンペラー。古代より伝わるシルフの力を宿すモンスター。,3,2,res://assets/models/bases/base_floating.tscn,res://assets/models/parts/horn_single.tscn,res://assets/models/parts/wings_angel.tscn,res://assets/models/parts/tail_spike.tscn,2,1.4,1.4,1.4,165,74,58,57,53,41,0.85,1.0,3,,0
468,ライトニタイガーオメガ,【第3形態】ライトニタイガーオメガ。古代より伝わるライトニの力を宿すモンスター。,4,0,res://assets/models/bases/base_quadruped.tscn,res://assets/models/parts/crown.tscn,,res://assets/models/parts/tail_spike.tscn,11,1.37,1.37,1.37,136,80,53,45,52,63,0.86,0.86,0,,0
469,アースガルプライム,【第3形態】アースガルプライム。古代より伝わるアースの力を宿すモンスター。,5,1,res://assets/models/bases/base_quadruped.tscn,res://assets/models/parts/horn_single.tscn,,res://assets/models/parts/tail_spike.tscn,4,1.41,1.41,1.41,140,74,60,65,50,40,1.1,0.89,1,,0
470,エアロリッチス,【第3形態】エアロリッチス。古代より伝わるエアロの力を宿すモンスター。,6,2,res://assets/models/bases/base_biped.tscn,res://assets/models/parts/crown.tscn,res://assets/models/parts/wings_angel.tscn,res://assets/models/parts/tail_spike.tscn,5,1.38,1.38,1.38,134,72,62,47,56,56,1.17,1.15,2,,0
471,ルミナスコブラル,【第3形態】ルミナスコブラル。古代より伝わるルミナスの力を宿すモンスター。,7,0,res://assets/models/bases/base_biped.tscn,res://assets/models/parts/horns_dual.tscn,res://assets/models/parts/wings_angel.tscn,res://assets/models/parts/tail_spike.tscn,14,1.36,1.36,1.36,141,77,54,52,69,45,1.03,0.95,3,,0
472,ネクロコロドン,【第3形態】ネクロコロドン。古代より伝わるネクロの力を宿すモンスター。,8,1,res://assets/models/bases/base_biped.tscn,res://assets/models/parts/crown.tscn,res://assets/models/parts/wings_dragon.tscn,res://assets/models/parts/tail_spike.tscn,7,1.39,1.39,1.39,140,73,69,48,65,45,0.96,1.13,0,,0
473,サラマンワイバーンゴン,【第3形態】サラマンワイバーンゴン。古代より伝わるサラマンの力を宿すモンスター。,1,2,res://assets/models/bases/base_floating.tscn,res://assets/models/parts/horns_dual.tscn,res://assets/models/parts/wings_dragon.tscn,res://assets/models/parts/tail_spike.tscn,0,1.39,1.39,1.39,143,79,68,44,57,39,0.89,1.01,1,,0
474,リヴァイフォックスザー,【第3形態】リヴァイフォックスザー。古代より伝わるリヴァイの力を宿すモンスター。,2,0,res://assets/models/bases/base_quadruped.tscn,res://assets/models/parts/crown.tscn,,res://assets/models/parts/tail_spike.tscn,9,1.38,1.38,1.38,133,89,55,47,60,40,0.97,0.93,2,,0
475,ウッドキマイラキッド,【第3形態】ウッドキマイラキッド。古代より伝わるウッドの力を宿すモンスター。,3,1,res://assets/models/bases/base_quadruped.tscn,res://assets/models/parts/horns_dual.tscn,res://assets/models/parts/wings_dragon.tscn,res://assets/models/parts/tail_spike.tscn,2,1.37,1.37,1.37,165,79,60,54,52,43,0.81,0.82,3,,0
476,スパークレクスロード,【第3形態】スパークレクスロード。古代より伝わるスパークの力を宿すモンスター。,4,2,res://assets/models/bases/base_biped.tscn,res://assets/models/parts/horns_dual.tscn,res://assets/models/parts/wings_dragon.tscn,res://assets/models/parts/tail_spike.tscn,3,1.41,1.41,1.41,133,74,53,44,50,57,0.9,0.87,0,,0
477,クエイクファングキング,【第3形態】クエイクファングキング。古代より伝わるクエイクの力を宿すモンスター。,5,0,res://assets/models/bases/base_biped.tscn,res://assets/models/parts/horns_dual.tscn,res://assets/models/parts/wings_angel.tscn,res://assets/models/parts/tail_spike.tscn,12,1.44,1.44,1.44,140,81,53,64,51,40,0.98,1.2,1,,0
478,ストームタモエンペラー,【第3形態】ストームタモエンペラー。古代より伝わるストームの力を宿すモンスター。,6,1,res://assets/models/bases/base_biped.tscn,res://assets/models/parts/crown.tscn,res://assets/models/parts/wings_angel.tscn,res://assets/models/parts/tail_spike.tscn,5,1.43,1.43,1.43,133,75,65,44,52,57,0.91,1.09,2,,0
479,セラフピクシーオメガ,【第3形態】セラフピクシーオメガ。古代より伝わるセラフの力を宿すモンスター。,7,2,res://assets/models/bases/base_floating.tscn,res://assets/models/parts/crown.tscn,res://assets/models/parts/wings_angel.tscn,,6,1.39,1.39,1.39,138,81,54,51,71,43,0.85,0.81,3,,0
480,アビスパピープライム,【第3形態】アビスパピープライム。古代より伝わるアビスの力を宿すモンスター。,8,0,res://assets/models/bases/base_quadruped.tscn,res://assets/models/parts/crown.tscn,,res://assets/models/parts/tail_spike.tscn,15,1.4,1.4,1.4,139,78,67,43,64,44,1.16,1.04,0,,0
481,クリムゾンケルベス,【第3形態】クリムゾンケルベス。古代より伝わるクリムゾンの力を宿すモンスター。,1,1,res://assets/models/bases/base_quadruped.tscn,res://assets/models/parts/horns_dual.tscn,,res://assets/models/parts/tail_spike.tscn,0,1.43,1.43,1.43,139,80,69,43,57,39,1.16,1.02,1,,0
482,タイダルドラコル,【第3形態】タイダルドラコル。古代より伝わるタイダルの力を宿すモンスター。,2,2,res://assets/models/bases/base_biped.tscn,res://assets/models/parts/horns_dual.tscn,res://assets/models/parts/wings_dragon.tscn,res://assets/models/parts/tail_spike.tscn,1,1.36,1.36,1.36,143,93,59,47,59,45,0.97,1.18,2,,0
483,ブルームホーンドン,【第3形態】ブルームホーンドン。古代より伝わるブルームの力を宿すモンスター。,3,0,res://assets/models/bases/base_biped.tscn,res://assets/models/parts/horns_dual.tscn,res://assets/models/parts/wings_angel.tscn,res://assets/models/parts/tail_spike.tscn,10,1.4,1.4,1.4,167,78,58,52,56,39,0.9,1.11,3,,0
484,エレクトラモグゴン,【第3形態】エレクトラモグゴン。古代より伝わるエレクトラの力を宿すモンスター。,4,1,res://assets/models/bases/base_biped.tscn,res://assets/models/parts/crown.tscn,res://assets/models/parts/wings_dragon.tscn,res://assets/models/parts/tail_spike.tscn,3,1.43,1.43,1.43,132,76,59,46,53,55,1.08,1.12,0,,0
485,グランバードザー,【第3形態】グランバードザー。古代より伝わるグランの力を宿すモンスター。,5,2,res://assets/models/bases/base_floating.tscn,res://assets/models/parts/horns_dual.tscn,res://assets/models/parts/wings_angel.tscn,,4,1.41,1.41,1.41,132,80,53,66,53,42,0.96,0.84,1,,0
486,ゼファーグリフキッド,【第3形態】ゼファーグリフキッド。古代より伝わるゼファーの力を宿すモンスター。,6,0,res://assets/models/bases/base_floating.tscn,res://assets/models/parts/crown.tscn,res://assets/models/parts/wings_angel.tscn,res://assets/models/parts/tail_spike.tscn,13,1.39,1.39,1.39,140,76,63,48,55,53,1.2,0.96,2,,0
487,オーラタイガーロード,【第3形態】オーラタイガーロード。古代より伝わるオーラの力を宿すモンスター。,7,1,res://assets/models/bases/base_quadruped.tscn,res://assets/models/parts/horns_dual.tscn,,res://assets/models/parts/tail_spike.tscn,6,1.38,1.38,1.38,139,80,60,50,70,45,1.02,0.9,3,,0
488,ファントムガルキング,【第3形態】ファントムガルキング。古代より伝わるファントムの力を宿すモンスター。,8,2,res://assets/models/bases/base_quadruped.tscn,res://assets/models/parts/horn_single.tscn,,res://assets/models/parts/tail_spike.tscn,7,1.38,1.38,1.38,136,78,67,43,65,44,1.11,1.18,0,,0
489,ヴォルカリッチエンペラー,【第3形態】ヴォルカリッチエンペラー。古代より伝わるヴォルカの力を宿すモンスター。,1,0,res://assets/models/bases/base_biped.tscn,res://assets/models/parts/crown.tscn,res://assets/models/parts/wings_dragon.tscn,res://assets/models/parts/tail_spike.tscn,8,1.37,1.37,1.37,139,78,73,42,52,43,1.19,0.8,1,,0
490,オーシャンコブラオメガ,【第3形態】オーシャンコブラオメガ。古代より伝わるオーシャンの力を宿すモンスター。,2,1,res://assets/models/bases/base_biped.tscn,res://assets/models/parts/crown.tscn,res://assets/models/parts/wings_angel.tscn,res://assets/models/parts/tail_spike.tscn,1,1.37,1.37,1.37,133,94,59,43,60,41,0.89,0.83,2,,0
491,ドリアードコロプライム,【第3形態】ドリアードコロプライム。古代より伝わるドリアードの力を宿すモンスター。,3,2,res://assets/models/bases/base_biped.tscn,res://assets/models/parts/horns_dual.tscn,res://assets/models/parts/wings_angel.tscn,res://assets/models/parts/tail_spike.tscn,2,1.36,1.36,1.36,161,78,57,51,52,44,0.98,0.88,3,,0
492,ライデンペガサスス,【第3形態】ライデンペガサスス。古代より伝わるライデンの力を宿すモンスター。,4,0,res://assets/models/bases/base_floating.tscn,res://assets/models/parts/horn_single.tscn,res://assets/models/parts/wings_angel.tscn,res://assets/models/parts/tail_spike.tscn,11,1.41,1.41,1.41,143,80,57,45,50,63,1.01,0.89,0,,0
493,ストーンビーストル,【第3形態】ストーンビーストル。古代より伝わるストーンの力を宿すモンスター。,5,1,res://assets/models/bases/base_quadruped.tscn,res://assets/models/parts/horns_dual.tscn,,res://assets/models/parts/tail_spike.tscn,4,1.37,1.37,1.37,131,77,56,60,52,38,1.2,1.11,1,,0
494,テンペストタートルドン,【第3形態】テンペストタートルドン。古代より伝わるテンペストの力を宿すモンスター。,6,2,res://assets/models/bases/base_quadruped.tscn,res://assets/models/parts/crown.tscn,,res://assets/models/parts/tail_spike.tscn,5,1.39,1.39,1.39,137,78,62,42,51,50,1.02,1.09,2,,0
495,グローリーナイトゴン,【第3形態】グローリーナイトゴン。古代より伝わるグローリーの力を宿すモンスター。,7,0,res://assets/models/bases/base_biped.tscn,res://assets/models/parts/horn_single.tscn,res://assets/models/parts/wings_angel.tscn,res://assets/models/parts/tail_spike.tscn,14,1.4,1.4,1.4,140,77,58,52,68,40,0.98,0.96,3,,0
496,ノワールクロウザー,【第3形態】ノワールクロウザー。古代より伝わるノワールの力を宿すモンスター。,8,1,res://assets/models/bases/base_biped.tscn,res://assets/models/parts/crown.tscn,res://assets/models/parts/wings_dragon.tscn,res://assets/models/parts/tail_spike.tscn,7,1.36,1.36,1.36,133,78,66,43,66,42,1.18,1.12,0,,0
497,ヒートノッコキッド,【第3形態】ヒートノッコキッド。古代より伝わるヒートの力を宿すモンスター。,1,2,res://assets/models/bases/base_biped.tscn,res://assets/models/parts/horns_dual.tscn,res://assets/models/parts/wings_dragon.tscn,res://assets/models/parts/tail_spike.tscn,0,1.44,1.44,1.44,139,81,72,49,56,44,1.11,1.1,1,,0
498,フロストフェアリーロード,【第3形態】フロストフェアリーロード。古代より伝わるフロストの力を宿すモンスター。,2,0,res://assets/models/bases/base_floating.tscn,res://assets/models/parts/crown.tscn,res://assets/models/parts/wings_angel.tscn,,9,1.44,1.44,1.44,138,94,53,49,60,41,0.83,1.05,2,,0
499,モスパピーキング,【第3形態】モスパピーキング。古代より伝わるモスの力を宿すモンスター。,3,1,res://assets/models/bases/base_quadruped.tscn,res://assets/models/parts/horns_dual.tscn,,res://assets/models/parts/tail_spike.tscn,2,1.44,1.44,1.44,165,75,58,57,55,45,1.01,1.08,3,,0
500,プラズマケルベエンペラー,【第3形態】プラズマケルベエンペラー。古代より伝わるプラズマの力を宿すモンスター。,4,2,res://assets/models/bases/base_quadruped.tscn,res://assets/models/parts/horns_dual.tscn,,res://assets/models/parts/tail_spike.tscn,3,1.38,1.38,1.38,135,73,59,47,51,63,1.17,0.99,0,,0
